UTK	11.22	169.85	Utirik Island
NUP	60.91	-162.44	Nunapitchuk
BYW	48.58	-122.82	Blakely Island
ATT	60.87	-162.27	Atmautluak
PDB	59.80	-154.13	Pedro Bay
KOZ	57.94	-152.46	Ouzinkie
TNK	60.57	-165.25	Tununak
MNT	65.15	-149.37	Minto
WKK	59.28	-158.62	Aleknagik
CWS	48.49	-122.83	Center Island
TEK	60.87	-146.69	Tatitlek
SSW	48.67	-123.18	Friday Harbor
WDN	48.71	-123.02	Eastsound
CHU	61.58	-159.22	Chuathbaluk
WTL	60.35	-162.65	Tuntutuliak
TWA	59.07	-160.27	Twin Hills
KCQ	56.26	-158.77	Chignik Lake
BBQ	17.62	-61.80	Codrington
AKS	-8.70	160.68	Auki
BNY	-11.30	159.80	Anua
CHY	-6.71	156.40	Choiseul Bay
BAS	-6.99	155.89	Ballalae
FRE	-8.11	159.58	Fera Island
HIR	-9.43	160.05	Honiara
IRA	-10.45	161.90	Kirakira
SCZ	-10.72	165.79	Santa Cruz/Graciosa Bay/Luova
MUA	-8.33	157.26	Munda
GZO	-8.10	156.86	Gizo
MNY	-7.42	155.57	Stirling Island
RNL	-11.55	160.06	Rennell Island
NNB	-10.85	162.45	Santa Ana Island
RUS	-9.86	160.82	Marau
VAO	-7.59	158.73	Suavanao
XYA	-9.09	159.22	Yandina
KGE	-7.33	157.59	Kagau Island
MHM	-8.33	160.80	Manaoba
GTA	-8.74	158.20	Gatokae
RBV	-8.17	157.64	Ramata
INU	-0.55	166.92	Yaren
GYZ	-28.03	123.82	Cosmo Newbery
AXF	38.75	105.58	Bayanhot
VMU	-7.50	144.82	Baimuru
BUA	-5.42	154.67	Buka Island
OPU	-8.05	142.93	Balimo
CMU	-6.02	144.97	Kundiawa
DAU	-9.09	143.21	Daru
BOT	-7.24	141.11	Bosset
GKA	-6.08	145.39	Goronka
GUR	-10.31	150.33	Gurney
PNP	-8.80	148.31	Popondetta
GMI	-6.27	150.33	Gasmata Island
HKN	-5.46	150.41	Kimbe
KIE	-6.31	155.73	Kieta
LSA	-8.51	151.08	Losuia
UNG	-6.13	141.28	Kiunga
KRI	-7.42	144.25	Kikori
KMA	-7.96	145.77	Kerema
KVG	-2.58	150.81	Kavieng
LNV	-3.04	152.63	Londolovit
MAG	-5.21	145.79	Madang
HGU	-5.83	144.30	Mount Hagen
MDU	-6.15	143.66	Mendi
MAS	-2.06	147.42	Manus Island
MXH	-6.36	143.24	Moro
MIS	-10.69	152.84	Misima Island
LAE	-6.57	146.73	Lae
OBX	-7.59	141.32	Obo
POM	-9.44	147.22	Port Moresby
TDS	-7.62	142.87	Sasereme
TIZ	-5.84	142.95	Tari
TBG	-5.28	141.23	Tabubil
TPI	-8.36	146.99	Tapini
RAB	-4.34	152.38	Kokopo
TFI	-9.08	149.32	Tufi
VAI	-2.69	141.30	Vanimo
WBM	-5.64	143.89	Wapenamanda
WWK	-3.58	143.67	Wewak
JEG	68.72	-52.78	Aasiaat
CNP	70.74	-22.65	Neerlerit Inaat
GOH	64.19	-51.68	Nuuk
JAV	69.24	-51.06	Ilulissat
KUS	65.57	-37.12	Kulusuk
JSU	65.41	-52.94	Maniitsoq
JFR	62.01	-49.67	Paamiut
NAQ	77.49	-69.39	Qaanaaq
SFJ	67.01	-50.72	Kangerlussuaq
JHS	66.95	-53.73	Sisimiut
JUV	72.79	-56.13	Upernavik
JQA	70.73	-52.70	Uummannaq
AEY	65.66	-18.07	Akureyri
EGS	65.28	-14.40	Egilsstaðir
GRY	66.55	-18.02	Grímsey/Sandvík
HFN	64.30	-15.23	Höfn
IFJ	66.06	-23.14	Ísafjörður
KEF	63.99	-22.61	Reykjavík
RKV	64.13	-21.94	Reykjavík
THO	66.22	-15.33	Þórshöfn
VPN	65.72	-14.85	Vopnafjörður
PRN	42.57	21.04	Prishtina
CJZ	-6.88	-38.62	Cajazeiras
VDC	-14.91	-40.91	Vitória da Conquista
BGK	16.52	-88.41	Big Creek
CUK	17.74	-88.03	Caye Caulker
CYC	17.68	-88.04	Caye Chapel
CZH	18.38	-88.41	Corozal
DGA	16.98	-88.23	Dangriga
INB	16.53	-88.44	Independence
ORZ	18.05	-88.58	Orange Walk
PND	16.10	-88.81	Punta Gorda
SPR	17.91	-87.97	San Pedro
TZA	17.52	-88.20	Belize City
YZZ	49.06	-117.61	Trail
YAA	52.45	-125.30	Anahim Lake
XQU	49.34	-124.39	Qualicum Beach
YMP	50.57	-127.03	Port McNeill
ZEL	52.19	-128.16	Bella Bella
YWM	52.57	-55.78	Williams Harbour
YSO	54.91	-59.79	Postville
YBI	53.47	-55.79	Black Tickle
YHG	52.77	-56.11	Charlottetown
YFX	52.37	-55.67	St. Lewis
YHA	52.53	-56.29	Port Hope Simpson
YRG	54.18	-58.46	Rigolet
YLE	63.13	-117.25	Whatì
SUR	52.71	-88.54	Summer Beaver
CKD	61.87	-158.14	Crooked Creek
YAX	53.85	-89.58	Angling Lake
WNN	52.89	-89.29	Wunnumin Lake
YNO	52.49	-92.97	North Spirit Lake
CKX	64.07	-141.95	Chicken
BZX	31.74	106.64	Bazhong
HSC	24.98	113.42	Shaoguan
JGS	26.86	114.74	Ji'an
JNH	30.70	120.66	Xiuzhou, Hangzhou
DDR	28.60	86.80	Xigazê (Dingri)
HQL	37.66	75.29	Tashikuergan
LSG	29.44	103.75	Leshan (Wutongqiao)
ZFL	43.09	81.22	Zhaosu
HJB	42.98	84.00	Hejing
JBK	44.17	89.55	Qitai
ZAT	27.21	103.69	Zhaotong
BFY	33.17	117.06	Bengbu
XBE	53.97	-91.03	Bearskin Lake
YNP	55.91	-61.18	Natuashish
KIF	53.01	-89.86	Kingfisher Lake
LCR	-1.46	-72.80	La Chorrera
KEW	52.99	-92.84	Keewaywin
YKU	53.81	-78.92	Chisasibi
ZTB	50.67	-59.38	Tête-à-la-Baleine
ZGS	50.26	-60.67	Le Golfe-du-Saint-Laurent
ZLT	50.83	-58.98	La Tabatière
YAB	73.01	-85.05	Arctic Bay
YAC	51.73	-91.82	Cat Lake
YAG	48.66	-93.44	Fort Frances
YAL	50.58	-126.92	Alert Bay
YAM	46.48	-84.51	Sault Ste Marie
XKS	53.52	-88.64	Kasabonika
YKG	60.03	-70.00	Kangirsuk
YAT	52.93	-82.43	Attawapiskat
YAY	51.39	-56.08	St. Anthony
YAZ	49.08	-125.78	Tofino
YBB	68.54	-89.81	Kugaaruk
YBC	49.13	-68.20	Baie-Comeau
QBC	52.39	-126.60	Bella Coola
YBE	59.56	-108.48	Uranium City
YBY	54.30	-110.74	Bonnyville
YBG	48.33	-70.99	Saguenay
YBK	64.30	-96.08	Baker Lake
YBL	49.95	-125.27	Campbell River
XTL	58.71	-98.51	Tadoule Lake
YBR	49.91	-99.95	Brandon
YBT	57.89	-101.68	Brochet
YBV	52.36	-97.02	Berens River
YBX	51.44	-57.19	Blanc-Sablon
YRF	53.68	-57.04	Cartwright
YCB	69.11	-105.14	Cambridge Bay
YCD	49.05	-123.87	Nanaimo
YCG	49.30	-117.63	Castlegar
YCO	67.82	-115.14	Kugluktuk
YCR	54.61	-97.76	Cross Lake
YCS	63.35	-90.73	Chesterfield Inlet
YCY	70.49	-68.52	Clyde River
YDA	64.04	-139.13	Dawson City
YDF	49.21	-57.40	Deer Lake
YDL	58.42	-130.03	Dease Lake
YDN	51.10	-100.05	Dauphin
YDP	56.55	-61.68	Nain
YEG	53.31	-113.58	Edmonton
YEK	61.09	-94.07	Arviat
YER	56.02	-87.68	Fort Severn
YEV	68.30	-133.48	Inuvik
YFA	52.20	-81.70	Fort Albany
YFB	63.76	-68.56	Iqaluit
YFC	45.87	-66.53	Fredericton
YFH	51.56	-87.91	Fort Hope
YFO	54.68	-101.68	Flin Flon
YFS	61.76	-121.24	Fort Simpson
YMN	55.08	-59.19	Makkovik
YGH	66.24	-128.65	Fort Good Hope
YGL	53.63	-77.70	La Grande Rivière
YGO	54.56	-94.49	Gods Lake Narrows
YGP	48.77	-64.48	Gaspé
YGR	47.43	-61.78	Les Îles-de-la-Madeleine
YGT	69.36	-81.82	Igloolik
YGV	50.28	-63.61	Havre-Saint-Pierre
YGW	55.28	-77.77	Kuujjuarapik
YGX	56.36	-94.71	Gillam
YGZ	76.43	-82.91	Grise Fiord
YQC	61.05	-69.62	Quaqtaq
YNS	51.69	-76.14	Nemiscau
YHI	70.76	-117.81	Ulukhaktok
YHK	68.64	-95.85	Gjoa Haven
YHM	43.17	-79.93	Hamilton
YHO	55.45	-60.23	Hopedale
YHP	52.11	-94.26	Poplar Hill
YHR	50.47	-59.64	Chevery
YHU	45.52	-73.42	Montréal
YHY	60.84	-115.78	Hay River
YHZ	44.88	-63.51	Halifax
YIF	51.21	-58.66	St-Augustin
YIK	62.42	-77.93	Ivujivik
YIO	72.69	-77.97	Pond Inlet
YIV	53.86	-94.65	Island Lake
YKA	50.70	-120.45	Kamloops
LAK	68.22	-135.01	Aklavik
YKF	43.46	-80.38	Breslau
YWB	61.59	-71.93	Kangiqsujuaq
YKL	54.81	-66.81	Schefferville
AKV	60.82	-78.15	Akulivik
YOG	51.66	-85.90	Ogoki Post
YKQ	51.47	-78.76	Waskaganish
YPJ	59.30	-69.60	Aupaluk
YLC	62.85	-69.88	Kimmirut
YLH	52.20	-87.93	Lansdowne House
YSG	62.42	-110.68	Lutselk'e
YLL	53.31	-110.07	Lloydminster
YLK	44.49	-79.55	Barrie
XGR	58.71	-65.99	Kangiqsualujjuaq
YLW	49.96	-119.38	Kelowna
YMH	52.30	-55.85	Mary's Harbour
YMM	56.65	-111.22	Fort McMurray
YMO	51.29	-80.61	Moosonee
YMT	49.77	-74.53	Chibougamau
YUD	56.54	-76.52	Umiujaq
YMX	45.68	-74.04	Montréal
YNA	50.19	-61.79	Natashquan
YNC	53.01	-78.83	Wemindji
YND	45.52	-75.56	Gatineau
YNE	53.96	-97.84	Norway House
YNL	58.28	-104.08	Points North Landing
YOC	67.57	-139.84	Old Crow
YOH	54.93	-95.28	Oxford House
YOJ	58.62	-117.17	High Level
YOW	45.32	-75.67	Ottawa
YPA	53.21	-105.67	Prince Albert
YPC	69.36	-124.08	Paulatuk
YPE	56.23	-117.45	Peace River
YPH	58.47	-78.08	Inukjuak
YPL	51.45	-90.21	Pickle Lake
YPM	51.82	-93.97	Pikangikum
YPN	49.84	-64.29	Port-Menier
YPO	54.99	-85.44	Peawanuck
YPQ	44.23	-78.36	Peterborough
YPR	54.29	-130.45	Prince Rupert
YPW	49.83	-124.50	Powell River
YPX	60.05	-77.29	Puvirnituq
YPY	58.77	-111.12	Fort Chipewyan
YPZ	54.38	-125.95	Burns Lake
YQA	44.98	-79.31	Gravenhurst
YQB	46.79	-71.39	Quebec
YQD	53.97	-101.09	The Pas
YQG	42.28	-82.96	Windsor
YQH	60.12	-128.82	Watson Lake
YQK	49.79	-94.36	Kenora
YQL	49.63	-112.80	Lethbridge
YQM	46.11	-64.68	Moncton
YQN	50.18	-86.70	Nakina
YQQ	49.71	-124.89	Comox
YQR	50.43	-104.66	Regina
YQT	48.37	-89.32	Thunder Bay
YQU	55.18	-118.89	Grande Prairie
YQX	48.94	-54.57	Gander
YQY	46.16	-60.05	Sydney
YQZ	53.03	-122.51	Quesnel
YRA	64.12	-117.31	Gamètì
YRB	74.72	-94.97	Resolute Bay
YRJ	48.52	-72.27	Roberval
YRL	51.07	-93.79	Red Lake
YRO	45.46	-75.64	Ottawa
YRS	54.17	-93.56	Red Sucker Lake
YRT	62.81	-92.12	Rankin Inlet
YSB	46.62	-80.80	Sudbury
YSF	59.25	-105.84	Stony Rapids
YSJ	45.32	-65.89	Saint John
YSK	56.54	-79.25	Sanikiluaq
YSM	60.02	-111.96	Fort Smith
YCM	43.19	-79.17	Niagara-on-the-Lake
YST	53.85	-94.85	St. Theresa Point
YSY	71.99	-125.24	Sachs Harbour
YTE	64.23	-76.53	Kinngait
YTH	55.80	-97.86	Thompson
YTL	53.82	-89.90	Big Trout Lake
YTQ	58.67	-69.96	Tasiujaq
YTS	48.57	-81.38	Timmins
YTZ	43.63	-79.40	Toronto
YUL	45.47	-73.74	Montréal
YUT	66.52	-86.23	Repulse Bay
YUX	68.78	-81.24	Sanirajak
YUY	48.21	-78.84	Rouyn-Noranda
YVB	48.07	-65.46	Bonaventure
YVC	55.15	-105.26	La Ronge
YCK	67.02	-126.13	Colville Lake
YVM	67.55	-64.03	Qikiqtarjuaq
YVO	48.05	-77.78	Val-d'Or
YVP	58.10	-68.43	Kuujjuaq
YVQ	65.28	-126.80	Norman Wells
YVR	49.19	-123.18	Vancouver
YVV	44.75	-81.11	Wiarton
YVZ	52.66	-94.06	Deer Lake
YFJ	64.19	-114.08	Wekweètì
YWG	49.91	-97.24	Winnipeg
YWJ	65.21	-123.44	Déline
YWK	52.92	-66.86	Wabush
YWL	52.18	-122.05	Williams Lake
YWP	52.96	-87.37	Webequie
YXC	49.61	-115.78	Cranbrook
YXE	52.17	-106.70	Saskatoon
YXH	50.02	-110.72	Medicine Hat
YXJ	56.24	-120.74	Fort Saint John
YXL	50.11	-91.91	Sioux Lookout
YXN	62.24	-92.60	Whale Cove
YXP	66.14	-65.71	Pangnirtung
YXS	53.88	-122.67	Prince George
YXT	54.47	-128.58	Terrace
YXU	43.03	-81.15	London
YXX	49.03	-122.36	Abbotsford
YXY	60.71	-135.07	Whitehorse
YYB	46.36	-79.42	North Bay
YYC	51.12	-114.01	Calgary
YYD	54.82	-127.18	Smithers
YYE	58.84	-122.60	Fort Nelson
YYF	49.46	-119.60	Penticton
YYG	46.29	-63.13	Charlottetown
YYH	69.55	-93.58	Taloyoak
YYJ	48.65	-123.43	Victoria
YYL	56.86	-101.08	Lynn Lake
YYQ	58.74	-94.07	Churchill
YYR	53.32	-60.43	Goose Bay
YYT	47.62	-52.75	St. John's
YYY	48.61	-68.21	Mont-Joli
YYZ	43.68	-79.63	Toronto
YZF	62.46	-114.44	Yellowknife
YZG	62.18	-75.67	Salluit
YZP	53.25	-131.81	Sandspit
YZS	64.19	-83.36	Coral Harbour
YZT	50.68	-127.37	Port Hardy
YZU	54.14	-115.79	Whitecourt
YZV	50.22	-66.27	Sept-Îles
ILF	56.05	-95.62	Ilford
ZBF	47.63	-65.74	South Tetagouche
ZEM	52.23	-78.52	Eastmain River
ZFD	59.33	-107.18	Fond-du-Lac
XPK	55.75	-101.27	Pukatawagan
ZFM	67.41	-134.86	Fort Mcpherson
ZFN	64.91	-125.57	Tulita
ZGI	54.84	-94.08	Gods River
ZKE	52.28	-81.68	Kashechewan
MSA	53.44	-91.76	Muskrat Dam
ZMT	54.03	-132.12	Masset
ZPB	53.89	-92.20	Sachigo Lake
ZRJ	52.94	-91.31	Round Lake
ZSJ	53.06	-93.34	Sandy Lake
XSI	56.79	-98.91	South Indian Lake
YDV	51.78	-96.69	Bloodvein River
ZTM	55.86	-92.08	Shamattawa
ZUM	53.56	-64.11	Churchill Falls
XLB	58.61	-101.47	Lac Brochet
ZWL	58.11	-103.17	Wollaston Lake
BJA	36.71	5.07	Béjaïa
ALG	36.69	3.21	Algiers
DJG	24.29	9.46	Djanet
VVZ	26.72	8.62	Illizi
QSF	36.18	5.33	Sétif
TMR	22.81	5.45	Tamanrasset
GJL	36.79	5.87	Tahir
MZW	33.54	-0.24	Mecheria
AAE	36.83	7.81	Annaba
CZL	36.28	6.62	Constantine
TEE	35.43	8.12	Tébessi
BLJ	35.75	6.31	Batna
TIN	27.70	-8.17	Tindouf
CFK	36.22	1.34	Chlef
TLM	35.01	-1.46	Zenata
ORN	35.62	-0.62	Es-Sénia
CBH	31.65	-2.27	Béchar
EBH	33.72	1.09	El Bayadh
BMW	21.38	0.93	Bordj Badji Mokhtar
AZR	27.84	-0.19	Adrar
BSK	34.79	5.74	Biskra
ELG	30.58	2.86	El Menia
GHA	32.38	3.79	El Atteuf
HME	31.67	6.14	Hassi Messaoud
INZ	27.25	2.51	In Salah
TGR	33.07	6.09	Touggourt
LOO	33.76	2.93	Laghouat
ELU	33.51	6.78	Guemar
TMX	29.24	0.28	Timimoun
OGX	31.92	5.41	Ouargla
IAM	28.05	9.64	In Aménas
COO	6.36	2.38	Cotonou
DEX	-4.86	139.48	Dekai
OUA	12.35	-1.51	Ouagadougou
BOY	11.16	-4.33	Bobo Dioulasso
ACC	5.61	-0.17	Accra
TML	9.55	-0.87	Tamale
KMS	6.71	-1.59	Kumasi
NYI	7.36	-2.33	Sunyani
TKD	4.90	-1.77	Sekondi-Takoradi
ABJ	5.26	-3.93	Abidjan
BYK	7.74	-5.07	Bouaké
HGO	9.39	-5.56	Korhogo
SPY	4.75	-6.66	
DLR	45.88	133.74	Dalnerechensk
DKA	13.01	7.66	Katsina
ABV	9.01	7.26	Abuja
QUO	4.87	8.09	Uyo
AKR	7.25	5.30	Akure
ABB	6.20	6.67	Asaba
BCU	10.48	9.74	Bauchi
BNI	6.32	5.60	Benin
CBQ	4.98	8.35	Calabar
ENU	6.47	7.56	Enegu
GMO	10.30	10.90	Gombe
IBA	7.36	3.98	Ibadan
ILR	8.44	4.49	Ilorin/Ogbomosho
QOW	5.43	7.21	Owerri
JOS	9.64	8.87	Jos
KAD	10.70	7.32	Kaduna
KAN	12.05	8.52	Kano
MIU	11.85	13.08	Maiduguri
MDI	7.70	8.61	Makurdi
LOS	6.58	3.32	Lagos
PHC	5.02	6.95	Port Harcourt
SKO	12.92	5.21	Sokoto
QRW	5.60	5.82	Okpe
YOL	9.26	12.43	Yola
DPT	69.39	139.89	Deputatskiy
NIM	13.48	2.18	Niamey
ZND	13.78	8.98	Zinder
TBJ	36.98	8.88	Tabarka
MIR	35.76	10.75	Monastir
NBE	36.08	10.44	Enfidha
TUN	36.85	10.23	Tunis
DJE	33.87	10.78	Mellita
SFA	34.72	10.69	Sfax
TOE	33.94	8.11	Tozeur
LFW	6.17	1.25	Lomé
ANR	51.19	4.46	Antwerp
BRU	50.90	4.48	Zaventem
CRL	50.46	4.46	Charleroi
LGG	50.64	5.44	Grâce-Hollogne
OST	51.20	2.87	Oostende
HDF	53.88	14.15	Zirchow
BER	52.36	13.50	Berlin
DRS	51.13	13.77	Dresden
ERF	50.98	10.96	Erfurt
FRA	50.03	8.56	Frankfurt am Main
FMO	52.13	7.69	Greven
HAM	53.63	9.99	Hamburg
CGN	50.87	7.14	Köln (Cologne)
DUS	51.29	6.77	Düsseldorf
MUC	48.35	11.79	Munich
NUE	49.50	11.08	Nuremberg
LEJ	51.42	12.23	Schkeuditz
SCN	49.21	7.11	Saarbrücken
STR	48.69	9.22	Stuttgart
HAJ	52.46	9.69	Hannover
BRE	53.05	8.79	Bremen
HHN	49.95	7.26	Frankfurt am Main (Lautzenhausen)
MHG	49.47	8.51	Mannheim
LBC	53.81	10.72	Lübeck
FMM	47.99	10.24	Memmingen
PAD	51.61	8.62	Büren
NRN	51.60	6.14	Weeze
DTM	51.52	7.61	Dortmund
FDH	47.67	9.51	Friedrichshafen
FKB	48.78	8.08	Rheinmünster
KSF	51.42	9.39	Calden
EME	53.39	7.23	Emden
AGE	53.78	7.92	Wangerooge
JUI	53.68	7.06	Juist
BMK	53.60	6.71	Borkum
NOD	53.63	7.19	Norddeich
NRD	53.71	7.23	Norderney
BMR	53.72	7.37	Baltrum
HEI	54.15	8.90	Oesterdeichstrich
HGL	54.19	7.92	Helgoland
GWT	54.91	8.34	Sylt
KDL	58.99	22.83	Kärdla
URE	58.23	22.51	Kuressaare
EPU	58.42	24.47	Pärnu
TLL	59.41	24.83	Tallinn
TAY	58.31	26.69	Tartu
ENF	68.36	23.42	Enontekio
HEL	60.32	24.96	Helsinki (Vantaa)
IVL	68.61	27.41	Ivalo
JOE	62.66	29.62	Joensuu
JYV	62.40	25.68	Jyväskylän Maalaiskunta
KEM	65.78	24.58	Kemi / Tornio
KAJ	64.29	27.69	Kajaani
KOK	63.72	23.14	Kokkola / Kruunupyy
KAO	65.99	29.24	Kuusamo
KTT	67.70	24.85	Kittilä
KUO	63.01	27.80	Kuopio / Siilinjärvi
LPP	61.04	28.14	Lappeenranta
MHQ	60.12	19.90	Mariehamn
OUL	64.93	25.35	Oulu / Oulunsalo
POR	61.46	21.80	Pori
RVN	66.56	25.83	Rovaniemi
SVL	61.94	28.95	Savonlinna
TMP	61.41	23.60	Tampere / Pirkkala
TKU	60.51	22.26	Turku
VAA	63.05	21.76	Vaasa
BFS	54.66	-6.22	Belfast
BHD	54.62	-5.87	Belfast
LDY	55.04	-7.16	Derry, Derry and Strabane
BHX	52.45	-1.75	Birmingham, West Midlands
MAN	53.35	-2.28	Manchester, Greater Manchester
CAL	55.44	-5.69	Campbeltown
EOI	59.19	-2.77	Eday
FIE	59.53	-1.63	Fair Isle
COL	56.60	-6.62	Coll Island
NRL	59.37	-2.43	North Ronaldsay
OBN	56.46	-5.40	North Connel
PPW	59.35	-2.90	Papa Westray, Orkney Islands
SOY	59.16	-2.64	Stronsay
NDY	59.25	-2.58	Sanday
LWK	60.19	-1.24	Lerwick, Shetland Islands
WRY	59.35	-2.95	Westray, Orkney Islands
CSA	56.06	-6.24	Colonsay
CWL	51.40	-3.34	Cardiff
BRS	51.38	-2.72	Bristol
LPL	53.33	-2.85	Liverpool
LTN	51.87	-0.37	Luton, Luton
LEQ	50.10	-5.67	Land's End, Cornwall
ISC	49.91	-6.29	St. Mary's, Isles of Scilly
BOH	50.78	-1.84	Bournemouth
SOU	50.95	-1.36	Southampton
NQY	50.44	-5.00	Newquay
ACI	49.71	-2.21	Saint Anne
GCI	49.44	-2.60	Saint Peter Port
JER	49.21	-2.20	St. Peter
LGW	51.15	-0.19	London
LCY	51.51	0.06	London
LHR	51.47	-0.46	London
SEN	51.57	0.69	Southend-on-Sea, Essex
HUY	53.58	-0.35	Grimsby, Lincolnshire
LBA	53.87	-1.66	Leeds, West Yorkshire
IOM	54.08	-4.62	Castletown
NCL	55.04	-1.69	Newcastle upon Tyne, Tyne and Wear
MME	54.51	-1.43	Darlington, Durham
EMA	52.83	-1.33	Nottingham, Leicestershire
KOI	58.96	-2.91	Kirkwall, Orkney Islands
LSI	59.88	-1.30	Lerwick, Shetland
WIC	58.46	-3.09	Wick
ABZ	57.20	-2.20	Aberdeen
INV	57.54	-4.05	Inverness
GLA	55.87	-4.43	Glasgow
EDI	55.95	-3.37	Ingliston, Edinburgh
ILY	55.68	-6.26	Isle of Islay, Argyll and Bute
PIK	55.50	-4.58	Prestwick, South Ayrshire
BEB	57.48	-7.36	Balivanich
DND	56.45	-3.03	Dundee
SYY	58.22	-6.33	Stornoway, Western Isles
BRR	57.02	-7.44	Eoligarry
TRE	56.50	-6.87	Balemartine, Argyll and Bute
NWI	52.68	1.28	Norwich, Norfolk
STN	51.88	0.23	London, Essex
EXT	50.73	-3.41	Exeter, Devon
MPN	-51.82	-58.45	Mount Pleasant
AMS	52.31	4.76	Amsterdam
MST	50.91	5.77	Maastricht
EIN	51.45	5.37	Eindhoven
GRQ	53.12	6.58	Groningen
RTM	51.96	4.44	Rotterdam
NNR	53.23	-9.47	Inverin
ORK	51.84	-8.49	Cork
CFN	55.04	-8.34	Donegal
DUB	53.43	-6.26	Dublin
IOR	53.11	-9.65	Inis Mór
INQ	53.06	-9.51	Inis Oírr
NOC	53.91	-8.82	Charlestown
KIR	52.18	-9.52	Farranfore
IIA	53.09	-9.57	Inis Meáin
SNN	52.70	-8.92	Shannon
EJT	6.04	171.98	Enejit Island
AAR	56.30	10.62	Aarhus
BLL	55.74	9.16	Billund
CPH	55.62	12.66	Copenhagen
EBJ	55.53	8.55	Esbjerg
KRP	56.30	9.10	Karup
BYR	57.28	11.00	Læsø
ODE	55.48	10.33	Odense
RKE	55.59	12.13	Roskilde
RNN	55.06	14.76	Rønne
SGD	54.96	9.79	Sønderborg
FAE	62.06	-7.28	Vágar
AAL	57.09	9.85	Aalborg
LUX	49.63	6.21	Luxembourg
AES	62.56	6.11	Ålesund
ANX	69.30	16.14	Andenes
ALF	69.98	23.37	Alta
FDE	61.39	5.76	Førde
BNN	65.46	12.22	Brønnøy
BOO	67.27	14.37	Bodø
BGO	60.29	5.22	Bergen
BJF	70.60	29.69	Båtsfjord
BVG	70.87	29.03	Berlevåg
KRS	58.20	8.09	Kristiansand(Kjevik)
BDU	69.06	18.54	Målselv
EVE	68.49	16.68	Evenes
FRO	61.58	5.02	Florø
OSL	60.19	11.10	Oslo (Gardermoen)
HAU	59.35	5.21	Karmøy
HFT	70.68	23.67	Hammerfest
HAA	70.49	22.14	Hasvik
HVG	71.01	25.98	Honningsvåg
KSU	63.11	7.82	Kvernberget
KKN	69.73	29.89	Kirkenes
LKN	68.15	13.61	Leknes
MEH	71.03	27.83	Mehamn
MOL	62.74	7.26	Årø
MJF	65.78	13.21	Mosjøen
LKL	70.07	24.97	Lakselv
OSY	64.47	11.58	Namsos
OLA	63.70	9.60	Ørland
HOV	62.18	6.07	Ørsta
MQN	66.36	14.30	Mo i Rana
RVK	64.84	11.15	Rørvik
RRS	62.58	11.34	Røros
RET	67.53	12.10	Røst
LYR	78.25	15.47	Longyearbyen
SDN	61.83	6.11	Sandane
SOG	61.16	7.14	Sogndal
SVJ	68.24	14.67	Svolvær
SKN	68.58	15.03	Hadsel
SRP	59.79	5.34	Leirvik
SOJ	69.79	20.96	Sørkjosen
VAW	70.36	31.04	Vardø
SSJ	65.96	12.47	Alstahaug
TOS	69.68	18.92	Tromsø
TRF	59.19	10.26	Sandefjord(Torp)
TRD	63.46	10.92	Trondheim
VDS	70.07	29.84	Vadsø
SVG	58.88	5.64	Stavanger
BZG	53.10	17.98	Bydgoszcz
GDN	54.38	18.47	Gdańsk
KRK	50.08	19.78	Balice
KTW	50.48	19.08	Katowice
LUZ	51.24	22.71	Lublin
LCJ	51.72	19.40	Łódź
WMI	52.45	20.65	Nowy Dwór Mazowiecki
POZ	52.42	16.82	Poznań
RDO	51.39	21.21	Radom
RZE	50.11	22.02	Jasionka
SZZ	53.58	14.90	Szczecin(Glewice)
SZY	53.48	20.94	Szymany
WAW	52.17	20.97	Warsaw
WRO	51.10	16.88	Wrocław
IEG	52.14	15.80	Nowe Kramsko
RNB	56.27	15.27	Ronneby
GOT	57.66	12.28	Göteborg
JKG	57.76	14.07	Jönköping
THN	58.32	12.35	Trollhättan
MXX	60.96	14.51	Mora
NYO	58.79	16.91	Nyköping
SCR	61.17	12.83	Malung-Sälen
KLR	56.69	16.29	Kalmar
MMX	55.54	13.38	Malmö
HAD	56.69	12.82	Halmstad
VXO	56.93	14.73	Växjö
EVG	62.05	14.42	Sveg
GEV	67.13	20.81	Gällivare
KRF	63.05	17.77	Nyland
LYC	64.55	18.72	Lycksele
SDL	62.53	17.44	Sundsvall/ Härnösand
OER	63.41	18.99	Örnsköldsvik
KRN	67.82	20.34	Kiruna
SFT	64.62	21.08	Skellefteå
UME	63.79	20.28	Umeå
VHM	64.58	16.83	Vilhelmina
AJR	65.59	19.28	Arvidsjaur
OSD	63.19	14.50	Östersund
ORB	59.22	15.04	Örebro
HFS	60.02	13.58	Råda
KSD	59.44	13.34	Karlstad
VST	59.59	16.63	Stockholm / Västerås
LLA	65.54	22.12	Luleå
ARN	59.65	17.93	Stockholm
BMA	59.35	17.94	Stockholm
BLE	60.42	15.52	Borlange
LPI	58.40	15.68	Linköping
NRK	58.59	16.25	Norrköping
TYF	60.16	12.99	Torsby
VBY	57.66	18.35	Visby
AGH	56.30	12.85	Ängelholm
PJA	67.24	23.07	Pajala
HMV	65.81	15.08	Hemavan
SHC	14.08	38.27	Shire Inda Selassie
FCN	53.77	8.66	Wurster Nordseeküste
RLG	53.92	12.28	Laage
RIX	56.92	23.97	Riga
KUN	54.96	24.09	Kaunas
PLQ	55.97	21.09	Palanga
VNO	54.63	25.29	Vilnius
BFN	-29.09	26.30	Bloemfontein
CPT	-33.97	18.60	Cape Town
ELS	-33.04	27.83	East London
GRJ	-34.01	22.38	George
HDS	-24.36	31.05	Hoedspruit
KIM	-28.81	24.76	Kimberley
MQP	-25.38	31.11	Mbombela
HLA	-25.94	27.93	Johannesburg
DUR	-29.61	31.12	Durban
MGH	-30.86	30.34	Margate
MBD	-25.80	25.55	Mafeking
MZQ	-27.63	32.04	Mkuze
JNB	-26.14	28.25	Johannesburg
PLZ	-33.99	25.62	Gqeberha (Port Elizabeth)
PHW	-23.94	31.16	Phalaborwa
PZB	-29.65	30.40	Pietermaritzburg
PTG	-23.85	29.46	Polokwane
RCB	-28.74	32.09	Richards Bay
SIS	-27.65	23.00	Sishen
SZK	-24.96	31.59	Skukuza
UTN	-28.40	21.26	Upington
UTT	-31.55	28.67	Mthatha
FRW	-21.16	27.47	Francistown
BBK	-17.83	25.17	Kasane
MUB	-19.97	23.43	Maun
GBE	-24.56	25.92	Gaborone
SWX	-18.37	21.83	Shakawe
BZV	-4.25	15.25	Brazzaville
PNR	-4.82	11.89	Pointe Noire
SHO	-26.36	31.72	Mpaka
BGF	4.40	18.52	Bangui
NBN	-1.41	5.62	San Antonio de Palé
BSG	1.91	9.81	Bata
GEM	1.68	11.02	Mengomeyén
SSG	3.76	8.71	Malabo
ASI	-7.97	-14.39	Cat Hill
HLE	-15.96	-5.65	Jamestown
MRU	-20.43	57.68	Plaine Magnien
RRG	-19.76	63.36	Port Mathurin
DLA	4.01	9.72	Douala
MVR	10.45	14.26	Maroua
NGE	7.36	13.56	N'Gaoundéré
GOU	9.33	13.37	Garoua
NSI	3.72	11.55	Yaoundé
KAA	-10.21	31.12	Kasama
LVI	-17.82	25.82	Livingstone
LUN	-15.33	28.45	Lusaka
MFU	-13.26	31.94	Mfuwe
NLA	-12.97	28.52	Ndola
SLI	-12.17	26.37	Solwesi
HAH	-11.53	43.27	Moroni
AJN	-12.13	44.43	Ouani
DZA	-12.81	45.28	Dzaoudzi
RUN	-20.89	55.52	Sainte-Marie
ZSE	-21.32	55.42	Saint-Pierre
TNR	-18.80	47.48	Antananarivo
SMS	-17.09	49.82	Vohilava
TMM	-18.11	49.39	Toamasina
WTA	-17.48	43.97	Tambohorano
MOQ	-20.28	44.32	Morondava
DIE	-12.35	49.29	Antisiranana
MJN	-15.67	46.35	Mahajanga
NOS	-13.31	48.31	Nosy Be
DWB	-16.10	45.36	Soalala
BPY	-16.74	44.48	Besalampy
WMN	-15.44	49.69	Maroantsetra
SVB	-14.28	50.17	Sambava
TTS	-16.75	47.62	Tsaratanana
FTU	-25.04	46.96	Tôlanaro
MNJ	-21.20	48.36	Mananjary
TLE	-23.38	43.73	Toliara
SSY	-6.27	14.25	Mbanza Congo
NBJ	-9.05	13.50	Luanda (Ícolo e Bengo)
CAB	-5.60	12.19	Cabinda
CBT	-12.48	13.49	Catumbela
FND	6.16	73.29	Funadhoo
DUE	-7.40	20.82	Chitato
VPE	-17.04	15.68	Ngiva
NOV	-12.81	15.76	Huambo
LAD	-8.86	13.23	Luanda
MEG	-9.53	16.31	Malanje
SPP	-14.66	17.72	Menongue
MSZ	-15.26	12.15	Moçâmedes
GXG	-7.75	15.29	Negage
SZA	-6.14	12.37	Soyo
SDD	-14.92	13.58	Lubango
OYE	1.54	11.58	Oyem
POG	-0.71	8.75	Port Gentil
MKU	0.58	12.89	Makokou
LBV	0.46	9.41	Libreville
MVB	-1.66	13.44	Franceville
PCP	1.66	7.41	São Tomé & Príncipe
TMS	0.38	6.71	São Tomé
BEW	-19.80	34.91	Beira
VPY	-19.15	33.43	Chimoio
INH	-23.88	35.41	Inhambane
VXC	-13.27	35.27	Lichinga
MPM	-25.92	32.57	Maputo
MNC	-14.49	40.71	Nacala
APL	-15.11	39.28	Nampula
POL	-12.99	40.52	Pemba
UEL	-17.86	36.87	Quelimane
TET	-16.10	33.64	Tete
VNX	-22.02	35.31	Vilanculo
VJB	-24.89	33.75	Xai-Xai
SEZ	-4.67	55.52	Victoria
PRI	-4.32	55.69	Praslin Island
NDJ	12.13	15.03	N'Djamena
BUQ	-20.02	28.62	Bulawayo
VFA	-18.10	25.84	Victoria Falls
HRE	-17.93	31.09	Harare
KAB	-16.52	28.89	Kariba
BLZ	-15.68	34.97	Blantyre
LLW	-13.79	33.78	Lumbadzi
MSU	-29.46	27.55	Maseru(Mazenod)
HAL	-19.03	16.46	Halali
MPA	-17.63	24.18	Mpacha
LUD	-26.69	15.24	Luderitz
OND	-17.88	15.95	Ondangwa
OMD	-28.59	16.45	Oranjemund
NDU	-17.96	19.72	Rundu
WVB	-22.98	14.65	Walvis Bay(Rooikop)
ERS	-22.60	17.08	Windhoek
WDH	-22.48	17.47	Windhoek
FIH	-4.39	15.44	Kinshasa
INO	-1.95	18.29	Inongo
FDU	-3.31	17.38	Bandundu
KKW	-5.04	18.79	Kikwit
MDK	0.02	18.29	Mbandaka
BDT	4.25	20.98	Gbadolite
GMA	3.24	19.77	Gemena
BNB	-0.29	20.88	Boende
FKI	0.48	25.34	Kisangani
IRP	2.83	27.59	Isiro
BUX	1.57	30.22	Bunia
GOM	-1.67	29.24	Goma
KND	-2.92	25.92	Kindu
FBM	-11.59	27.53	Lubumbashi
KWZ	-10.77	25.51	Kolwezi
FMI	-5.88	29.25	Kalemie
KMN	-8.73	24.99	Kamina
KGA	-5.90	22.47	Kananga
PFR	-4.33	20.59	Ilebo
MJM	-6.12	23.57	Mbuji Mayi
GAX	-2.79	10.05	Gamba
BKO	12.53	-7.95	Bamako
GAQ	16.25	-0.01	Gao
KYS	14.48	-11.40	Kayes
MZI	14.51	-4.08	Sévaré
TOM	16.73	-3.01	Timbuktu
FOA	60.12	-2.05	Foula
BJL	13.34	-16.65	Banjul (Yundum)
FUE	28.45	-13.86	El Matorral
GMZ	28.03	-17.21	Alajero, La Gomera Island
VDE	27.81	-17.89	El Hierro Island
SPC	28.63	-17.76	Sta Cruz de la Palma, La Palma Island
LPA	27.93	-15.39	Gran Canaria Island
ACE	28.95	-13.61	San Bartolomé
TFS	28.04	-16.57	Tenerife
TFN	28.48	-16.34	Tenerife
MLN	35.28	-2.96	Melilla
FNA	8.62	-13.20	Freetown (Lungi-Town)
OXB	11.89	-15.65	Bissau
JJU	60.76	-46.07	Qaqortoq
MLW	6.29	-10.76	Monrovia
ROB	6.23	-10.36	Monrovia
AGA	30.32	-9.41	Agadir (Temsia)
TTA	28.45	-11.16	Tan Tan
OZG	30.27	-5.86	Zagora
UAR	32.51	-1.98	Bouarfa
FEZ	33.93	-4.98	Saïss
ERH	31.95	-4.40	Errachidia
OUD	34.79	-1.93	Ahl Angad
SMW	26.73	-11.68	Smara
BEM	32.40	-6.32	Oulad Yaich
RBA	34.05	-6.75	Rabat
VIL	23.72	-15.93	Dakhla
ESU	31.40	-9.68	Essaouira
EUN	27.14	-13.22	El Aaiún
CMN	33.37	-7.59	Casablanca
NDR	34.99	-3.03	Al Aaroui
RAK	31.60	-8.04	Marrakesh
OZZ	30.94	-6.91	Ouarzazate
AHU	35.18	-3.84	Al Hoceima
TTU	35.59	-5.32	Tétouan
TNG	35.73	-5.92	Tangier
GNU	59.12	-161.58	Goodnews
DSS	14.67	-17.07	Dakar
ZIG	12.56	-16.28	Ziguinchor
CSK	12.40	-16.75	Cap Skirring
NKC	18.31	-15.97	Nouakchott
NDB	20.93	-17.03	Nouadhibou
OUZ	22.76	-12.48	Zouérate
CKY	9.58	-13.61	Conakry
SID	16.74	-22.95	Espargos
BVC	16.14	-22.89	Rabil
MMO	15.16	-23.21	Vila do Maio
RAI	14.94	-23.48	Praia
SFL	14.89	-24.48	São Filipe
SNE	16.59	-24.28	Preguiça
VXE	16.83	-25.06	São Pedro
ADD	8.98	38.80	Addis Ababa
AMH	6.04	37.59	Arba Minch
AXU	14.15	38.77	Axum
BJR	11.61	37.32	Bahir Dar
DSE	11.11	39.73	Dessie
DEM	8.55	34.86	Dembidollo
DBM	10.32	37.74	Debre Markos
DIR	9.62	41.86	Dire Dawa
GMB	8.13	34.56	Gambela
GDQ	12.52	37.43	Azezo
GDE	5.94	43.58	Gode
HUE	13.83	36.88	Akwi
JIJ	9.33	42.91	Jijiga
BCO	5.75	36.56	Jinka
JIM	7.67	36.82	Jimma
ABK	6.73	44.24	Kebri Dahar
AWA	7.10	38.40	Hawassa
MQX	13.47	39.53	Mekele
MTF	6.96	35.55	Mizan Teferi
HIL	6.08	44.76	Shilavo
SZE	11.79	40.99	Semera
ASO	10.02	34.59	Asosa
TIE	7.20	35.41	Tippi
BJM	-3.32	29.32	Bujumbura
GID	-3.42	29.91	Gitega
KRE	-2.54	30.09	Kirundo
BSA	11.28	49.14	Bosaso
HGA	9.51	44.08	Hargeisa
BBO	10.39	44.94	Berbera
MGQ	2.01	45.30	Mogadishu
BLW	4.77	45.24	Beledweyne
GLK	6.78	47.45	Galcaio
GGR	8.46	48.57	Garowe
JIB	11.55	43.16	Djibouti City
DBB	30.92	28.46	El Alamein
AAC	31.06	33.83	El Arish
ATZ	27.05	31.01	Asyut
HBE	30.93	29.70	Alexandria
ABS	22.38	31.61	Abu Simbel
CAI	30.11	31.40	Cairo
CCE	30.06	31.84	New Cairo
HRG	27.18	33.80	Hurghada
LXR	25.67	32.71	Luxor
RMF	25.56	34.59	Marsa Alam
MUH	31.32	27.22	Marsa Matruh
PSD	31.28	32.24	Port Said
HMB	26.34	31.74	Suhaj
SSH	27.98	34.39	Sharm El Sheikh
ASW	23.96	32.82	Aswan
SPX	30.11	30.90	Al Jiza
TCP	29.59	34.78	Taba
ASM	15.29	38.91	Asmara
JUB	4.87	31.60	Juba
ASV	-2.64	37.25	Ol Tukai
EDL	0.40	35.24	Eldoret
NBO	-1.32	36.93	Nairobi
KIS	-0.09	34.73	Kisumu
LAU	-2.25	40.91	Lamu
JJM	0.17	38.20	Meru-Kinna
MYD	-3.23	40.10	Malindi
MBA	-4.03	39.59	Mombasa
MRE	-1.40	35.01	Serena
NYK	-0.06	37.04	Gathiuru
WIL	-1.32	36.81	Nairobi
WJR	1.73	40.09	Wajir
AKF	24.18	23.31	Kufra
BEN	32.10	20.27	Benina
MJI	32.89	13.29	Tripoli
LAQ	32.79	21.95	Al Albraq
SEB	26.99	14.47	Sabha
MRA	32.33	15.06	Misrata
LTD	30.15	9.70	Ghadames
KGL	-1.97	30.14	Kigali
KME	-2.46	28.91	Kamembe
DOG	19.15	30.43	Dongola
ELF	13.61	25.32	El Fasher
KSL	15.39	36.33	Kassala
UYL	12.05	24.96	Nyala
EBD	13.15	30.23	El-Obeid
PZU	19.43	37.23	Port Sudan
KRT	15.59	32.55	Khartoum
MAK	9.56	31.65	Malakal
WUU	7.73	27.98	Wau
ARK	-3.37	36.63	Arusha
BKZ	-1.33	31.82	Bukoba
DAR	-6.87	39.21	Dar es Salaam
DOD	-6.17	35.76	Dodoma
MBI	-8.92	33.27	Mbeya
TKQ	-4.89	29.67	Kigoma
JRO	-3.43	37.07	Arusha
MFA	-7.92	39.67	Kilindoni
MYW	-10.34	40.18	Mtwara
MUZ	-1.50	33.80	Musoma
MWZ	-2.45	32.94	Mwanza
SEU	-2.46	34.82	Seronera
SHY	-3.61	33.50	Shinyanga
TBO	-5.08	32.83	Tabora
TGT	-5.09	39.07	Tanga
ZNZ	-6.22	39.22	Zanzibar
RUA	3.05	30.91	Arua
EBB	0.04	32.44	Entebbe
ULU	2.81	32.27	Gulu
SRT	1.73	33.62	Soroti
FSH	2.27	97.97	Singkil
DHX	-7.75	111.95	Kediri
KRC	-2.09	101.47	Sungai Penuh
RKI	-2.10	99.70	Sipura Island
UGU	-3.74	137.03	Bilogai
AYJ	26.75	82.16	Faizabad
AVR	20.81	77.72	Amravati
SDW	16.00	73.53	Chipi
NMI	18.98	73.07	Navi Mumbai
HGI	26.97	93.64	Hollongi
DXN	28.18	77.61	Gautam Buddha Nagar
AHA	22.99	83.20	Ambikapur
JGB	19.07	82.04	Jagdalpur
JIO	-8.14	127.91	Tiakur
JUH	30.74	117.69	Chizhou
BLD	35.95	-114.86	Boulder City
OTS	48.50	-122.66	Anacortes
ABE	40.65	-75.44	Allentown/Bethlehem
ABI	32.41	-99.68	Abilene
ABQ	35.04	-106.61	Albuquerque
ABR	45.45	-98.42	Aberdeen
ABY	31.53	-84.20	Albany
ACK	41.25	-70.06	Nantucket
ACT	31.61	-97.23	Waco
ACV	40.98	-124.11	Arcata/Eureka
ACY	39.46	-74.58	Atlantic City
AEX	31.33	-92.55	Alexandria
AGS	33.37	-81.96	Augusta
AIA	42.05	-102.80	Alliance
ALB	42.75	-73.80	Albany
ALO	42.56	-92.40	Waterloo
ALS	37.43	-105.87	Alamosa
ALW	46.09	-118.29	Walla Walla
AMA	35.22	-101.71	Amarillo
AOO	40.30	-78.32	Altoona
APN	45.08	-83.56	Alpena
ART	43.99	-76.02	Watertown
ASE	39.22	-106.87	Aspen
ATL	33.64	-84.43	Atlanta
ATW	44.26	-88.52	Appleton
ATY	44.91	-97.15	Watertown
AUG	44.32	-69.80	Augusta
AUS	30.20	-97.66	Austin
AVL	35.44	-82.54	Asheville
AVP	41.34	-75.72	Wilkes-Barre/Scranton
AZO	42.23	-85.55	Kalamazoo
BKG	36.53	-93.20	Branson
BDL	41.94	-72.69	Hartford
BED	42.47	-71.29	Bedford
BFD	41.80	-78.64	Bradford
BFF	41.87	-103.60	Scottsbluff
BFI	47.53	-122.30	Seattle
BFL	35.43	-119.06	Bakersfield
BGM	42.21	-75.98	Binghamton
BGR	44.81	-68.83	Bangor
BHB	44.45	-68.36	Bar Harbor
BHM	33.56	-86.75	Birmingham
BID	41.17	-71.58	Block Island
BIH	37.37	-118.36	Bishop
BIL	45.81	-108.54	Billings
BIS	46.77	-100.75	Bismarck
BJC	39.91	-105.12	Denver
BKW	37.79	-81.12	Beaver
BLI	48.79	-122.54	Bellingham
BLV	38.55	-89.84	Belleville
BMI	40.48	-88.92	Bloomington/Normal
BNA	36.12	-86.68	Nashville
BOI	43.56	-116.22	Boise
BOS	42.36	-71.01	Boston
BPT	29.95	-94.02	Beaumont/Port Arthur
BQK	31.26	-81.47	Brunswick
BRD	46.40	-94.13	Brainerd
BRL	40.78	-91.13	Burlington
BRO	25.91	-97.43	Brownsville
BTM	45.95	-112.50	Butte
BTR	30.53	-91.15	Baton Rouge
BTV	44.47	-73.15	Burlington
BUF	42.94	-78.73	Buffalo
BUR	34.20	-118.36	Burbank
BWI	39.18	-76.67	Baltimore
BZN	45.78	-111.15	Bozeman
CAE	33.94	-81.12	Columbia
CAK	40.92	-81.44	Akron
CCR	37.99	-122.06	Concord
CDC	37.70	-113.10	Cedar City
CDR	42.84	-103.10	Chadron
CEC	41.78	-124.24	Crescent City
CEZ	37.30	-108.63	Cortez
CGI	37.23	-89.57	Cape Girardeau
CHA	35.04	-85.20	Chattanooga
CHO	38.14	-78.45	Charlottesville
CHS	32.90	-80.04	Charleston
CID	41.88	-91.71	Cedar Rapids
CIU	46.24	-84.46	Kincheloe
CKB	39.30	-80.23	Bridgeport
CLE	41.41	-81.85	Cleveland
CLL	30.59	-96.36	College Station
CLT	35.21	-80.94	Charlotte
CMH	40.00	-82.89	Columbus
CMI	40.04	-88.28	Savoy
CMX	47.17	-88.49	Hancock
CNM	32.34	-104.26	Carlsbad
CNY	38.76	-109.75	Moab
COD	44.52	-109.02	Cody
COS	38.81	-104.70	Colorado Springs
COU	38.82	-92.22	Columbia
CPR	42.91	-106.46	Casper
CRP	27.77	-97.50	Corpus Christi
CLD	33.13	-117.28	Carlsbad
CRW	38.37	-81.59	Charleston
CSG	32.52	-84.94	Columbus
CVG	39.05	-84.67	Cincinnati / Covington
CVN	34.43	-103.08	Clovis
CWA	44.78	-89.67	Mosinee
CYS	41.16	-104.81	Cheyenne
DAB	29.18	-81.06	Daytona Beach
DAL	32.84	-96.85	Dallas
DAY	39.90	-84.22	Dayton
DBQ	42.40	-90.71	Dubuque
DCA	38.85	-77.04	Washington
DDC	37.76	-99.97	Dodge City
DEC	39.83	-88.87	Decatur
DEN	39.86	-104.67	Denver
DFW	32.90	-97.04	Dallas-Fort Worth
DHN	31.32	-85.45	Dothan
DIK	46.80	-102.80	Dickinson
DLH	46.84	-92.20	Duluth
DOV	39.13	-75.47	Dover
DRO	37.15	-107.75	Durango
DSM	41.53	-93.66	Des Moines
DSI	30.40	-86.47	Destin
DTW	42.21	-83.35	Detroit
DUJ	41.18	-78.90	Dubois
DVL	48.12	-98.91	Devils Lake
EAR	40.73	-99.01	Kearney
EAT	47.40	-120.21	Wenatchee
EAU	44.87	-91.48	Eau Claire
KEB	59.35	-151.93	Nanwalek
ECP	30.36	-85.80	Panama City Beach
EGE	39.64	-106.92	Eagle
EKO	40.82	-115.79	Elko
ELD	33.22	-92.81	El Dorado
ELM	42.16	-76.89	Elmira/Corning
ELP	31.81	-106.38	El Paso
ERI	42.08	-80.17	Erie
ESC	45.72	-87.09	Escanaba
EUG	44.12	-123.21	Eugene
EVV	38.04	-87.53	Evansville
EWB	41.68	-70.96	New Bedford
EWN	35.07	-77.04	New Bern
EWR	40.69	-74.17	Newark
EYW	24.56	-81.76	Key West
FAR	46.92	-96.82	Fargo
FAT	36.78	-119.72	Fresno
FAY	34.99	-78.88	Fayetteville
FRD	48.52	-123.02	Friday Harbor
FLG	35.14	-111.67	Flagstaff
FLL	26.07	-80.15	Fort Lauderdale
FLO	34.19	-79.72	Florence
FNT	42.97	-83.74	Flint
FOD	42.55	-94.19	Fort Dodge
FSD	43.59	-96.74	Sioux Falls
FSM	35.34	-94.37	Fort Smith
FTW	32.82	-97.36	Fort Worth
FWA	40.98	-85.19	Fort Wayne
GCC	44.35	-105.54	Gillette
GCK	37.93	-100.72	Garden City
GCN	35.95	-112.15	Grand Canyon - Tusayan
GDV	47.14	-104.81	Glendive
GEG	47.62	-117.53	Spokane
GFK	47.95	-97.18	Grand Forks
GGG	32.38	-94.71	Longview
GGW	48.21	-106.61	Glasgow
GJT	39.13	-108.53	Grand Junction
GLH	33.48	-90.99	Greenville
GNV	29.69	-82.27	Gainesville
FCA	48.31	-114.26	Kalispell
GPT	30.41	-89.07	Gulfport
GRB	44.48	-88.13	Green Bay
GRI	40.97	-98.31	Grand Island
GRK	31.07	-97.83	Fort Cavazos
GRR	42.88	-85.52	Grand Rapids
GSO	36.10	-79.94	Greensboro
GSP	34.90	-82.22	Greenville/Greer/Spartanburg
GTF	47.48	-111.37	Great Falls
GTR	33.45	-88.59	Columbus/W Point/Starkville
GUC	38.53	-106.93	Gunnison
GUP	35.51	-108.79	Gallup
KGX	62.90	-160.07	Grayling
GYY	41.62	-87.41	Gary
DSY	10.91	103.23	Ta Noun
KTI	11.36	104.92	Phnom Penh (Boeng Khyang)
HDN	40.48	-107.22	Hayden
HGR	39.71	-77.73	Hagerstown
HHR	33.92	-118.33	Hawthorne
HIB	47.38	-92.84	Hibbing
HII	34.57	-114.36	Lake Havasu City
HLN	46.61	-111.98	Helena
HOB	32.69	-103.22	Hobbs
HOT	34.48	-93.10	Hot Springs
HOU	29.65	-95.28	Houston
HPN	41.07	-73.71	White Plains
HRL	26.23	-97.65	Harlingen
HRO	36.26	-93.15	Harrison
HSV	34.64	-86.77	Huntsville
HTS	38.37	-82.56	Huntington
HVN	41.26	-72.89	New Haven
HVR	48.54	-109.76	Havre
HHH	32.22	-80.70	Hilton Head Island
HYA	41.67	-70.28	Hyannis
HYS	38.84	-99.27	Hays
IAD	38.94	-77.46	Dulles
IAG	43.11	-78.95	Niagara Falls
IAH	29.98	-95.34	Houston
ICT	37.65	-97.43	Wichita
IDA	43.51	-112.07	Idaho Falls
ILG	39.68	-75.61	Wilmington
ILM	34.27	-77.91	Wilmington
IMT	45.82	-88.11	Kingsford
IND	39.72	-86.29	Indianapolis
INL	48.57	-93.40	International Falls
IPL	32.84	-115.57	Imperial
IPT	41.24	-76.92	Williamsport
IRK	40.09	-92.54	Kirksville
ISP	40.80	-73.10	Islip
ITH	42.49	-76.46	Ithaca
AZA	33.31	-111.65	Mesa
IWD	46.53	-90.13	Ironwood
JAC	43.61	-110.74	Jackson
JAN	32.31	-90.08	Jackson
JAX	30.49	-81.69	Jacksonville
JBR	35.83	-90.65	Jonesboro
JFK	40.64	-73.78	New York
JLN	37.15	-94.50	Joplin
JMS	46.93	-98.68	Jamestown
USA	35.39	-80.71	Concord
JST	40.32	-78.83	Johnstown
LAF	40.41	-86.94	West Lafayette
LAL	27.99	-82.02	Lakeland
LAN	42.78	-84.59	Lansing
LAR	41.31	-105.68	Laramie
LAS	36.08	-115.15	Las Vegas
LAW	34.57	-98.42	Lawton
LAX	33.94	-118.41	Los Angeles
LBB	33.66	-101.82	Lubbock
LBE	40.28	-79.40	Latrobe
LBF	41.13	-100.68	North Platte
LBL	37.04	-100.96	Liberal
LCH	30.13	-93.22	Lake Charles
LCK	39.81	-82.93	Columbus
LEB	43.63	-72.30	Lebanon
LEX	38.04	-84.61	Lexington
LFT	30.21	-91.99	Lafayette
LGA	40.78	-73.87	New York
LGB	33.82	-118.15	Long Beach
LIT	34.73	-92.22	Little Rock
LNK	40.84	-96.76	Lincoln
LNS	40.12	-76.30	Lancaster
LRD	27.54	-99.46	Laredo
LRU	32.29	-106.92	Las Cruces
LSE	43.88	-91.26	La Crosse
LUK	39.10	-84.42	Cincinnati
LWB	37.86	-80.40	Lewisburg
LWS	46.37	-117.01	Lewiston
LYH	37.33	-79.20	Lynchburg
MAF	31.94	-102.20	Midland
MBL	44.27	-86.25	Manistee
MBS	43.53	-84.08	Freeland
MCE	37.28	-120.51	Merced
MCI	39.30	-94.71	Kansas City
MCK	40.21	-100.59	McCook
MCN	32.69	-83.65	Macon
MCO	28.43	-81.31	Orlando
MCW	43.16	-93.33	Mason City
MDT	40.19	-76.76	Harrisburg
MDW	41.79	-87.75	Chicago
MEI	32.33	-88.75	Meridian
MEM	35.04	-89.98	Memphis
MFE	26.18	-98.24	McAllen
MFR	42.37	-122.87	Medford
MGC	41.70	-86.82	Michigan City
MGM	32.30	-86.39	Montgomery
MGW	39.64	-79.92	Morgantown
MHK	39.14	-96.67	Manhattan
MHT	42.93	-71.44	Manchester
MIA	25.80	-80.29	Miami
MKE	42.95	-87.90	Milwaukee
MKG	43.17	-86.24	Muskegon
MKL	35.60	-88.92	Jackson
MLB	28.10	-80.64	Melbourne
MLI	41.45	-90.51	Moline
MLU	32.51	-92.04	Monroe
MMH	37.63	-118.84	Mammoth Lakes
MOB	30.69	-88.24	Mobile
MOT	48.26	-101.28	Minot
MRY	36.59	-121.84	Monterey
MSL	34.75	-87.61	Muscle Shoals
MSN	43.14	-89.34	Madison
MSO	46.92	-114.09	Missoula
MSP	44.88	-93.22	Minneapolis
MSS	44.94	-74.84	Massena
MSY	29.99	-90.26	New Orleans
MTJ	38.51	-107.89	Montrose
MTP	41.08	-71.92	Montauk
MVY	41.39	-70.61	Martha's Vineyard
MWA	37.75	-89.02	Marion
MWL	32.78	-98.06	Mineral Wells
MYL	44.89	-116.10	McCall
MYR	33.68	-78.93	Myrtle Beach
YUM	32.65	-114.61	Yuma
OAJ	34.83	-77.61	Richlands
OAK	37.72	-122.22	Oakland
OGD	41.20	-112.01	Ogden
OGS	44.68	-75.47	Ogdensburg
OKC	35.39	-97.60	Oklahoma City
OLF	48.09	-105.57	Wolf Point
OLM	46.97	-122.90	Olympia
OMA	41.30	-95.89	Omaha
ONT	34.06	-117.60	Ontario
OPF	25.91	-80.28	Miami
ORD	41.98	-87.90	Chicago
ORF	36.90	-76.20	Norfolk
ORH	42.27	-71.88	Worcester
ESD	48.71	-122.91	Eastsound
OTH	43.42	-124.25	North Bend
OWB	37.74	-87.17	Owensboro
OCE	38.31	-75.12	Ocean City
PAE	47.91	-122.28	Everett
PAH	37.06	-88.77	Paducah
PBG	44.65	-73.47	Plattsburgh
DJT	26.68	-80.10	West Palm Beach
PDK	33.88	-84.30	Atlanta
PDT	45.70	-118.84	Pendleton
PDX	45.59	-122.60	Portland
PGA	36.92	-111.45	Page
PGD	26.92	-81.99	Punta Gorda
PGV	35.64	-77.38	Greenville
PHF	37.13	-76.49	Newport News
PHL	39.87	-75.24	Philadelphia
PHX	33.44	-112.01	Phoenix
PIA	40.66	-89.69	Peoria
PIB	31.47	-89.34	Moselle
PIE	27.91	-82.69	Pinellas Park
PIH	42.91	-112.60	Pocatello
PIR	44.38	-100.29	Pierre
PIT	40.49	-80.23	Pittsburgh
PKB	39.35	-81.44	Parkersburg (Williamstown)
PLN	45.57	-84.80	Pellston
PNS	30.47	-87.19	Pensacola
PQI	46.69	-68.04	Presque Isle
PRC	34.65	-112.42	Prescott
PSC	46.26	-119.12	Pasco
PSM	43.08	-70.82	Portsmouth
PSP	33.83	-116.51	Palm Springs
PUB	38.29	-104.50	Pueblo
PUW	46.74	-117.11	Pullman
PVD	41.73	-71.43	Providence/Warwick
PVU	40.22	-111.72	Provo
PWM	43.65	-70.31	Portland
RAP	44.05	-103.06	Rapid City
RDD	40.51	-122.29	Redding
RDM	44.25	-121.15	Redmond
RDU	35.88	-78.79	Raleigh/Durham
RFD	42.20	-89.10	Chicago/Rockford
RHI	45.63	-89.47	Rhinelander
RIC	37.51	-77.32	Richmond
RIW	43.06	-108.46	Riverton
RKD	44.06	-69.10	Rockland
RKS	41.59	-109.07	Rock Springs
RNO	39.50	-119.77	Reno
ROA	37.33	-79.98	Roanoke
ROC	43.12	-77.67	Rochester
ROW	33.30	-104.53	Roswell
RST	43.91	-92.50	Rochester
RSW	26.53	-81.75	Fort Myers
RUT	43.53	-72.95	Rutland
SAF	35.62	-106.09	Santa Fe
SAN	32.73	-117.19	San Diego
SAT	29.53	-98.47	San Antonio
SAV	32.13	-81.20	Savannah
MQT	46.35	-87.40	Gwinn
SBA	34.43	-119.84	Santa Barbara
SBD	34.10	-117.24	San Bernardino
SBN	41.71	-86.32	South Bend
SBP	35.24	-120.64	San Luis Obispo
SBY	38.34	-75.51	Salisbury
SCK	37.89	-121.24	Stockton
SDF	38.17	-85.74	Louisville
SDY	47.71	-104.19	Sidney
SEA	47.45	-122.31	Seattle
SFB	28.77	-81.23	Orlando
SFO	37.62	-122.37	San Francisco
SGF	37.25	-93.39	Springfield
UST	29.96	-81.34	St Augustine
SGU	37.04	-113.51	St George
SHD	38.26	-78.90	Weyers Cave
SHR	44.77	-106.98	Sheridan
SHV	32.44	-93.83	Shreveport
SJC	37.36	-121.93	San Jose
SJT	31.36	-100.50	San Angelo
TSM	36.45	-105.68	Taos
SLC	40.79	-111.98	Salt Lake City
SLE	44.91	-123.00	Salem
SLK	44.39	-74.20	Saranac Lake
SLN	38.79	-97.65	Salina
SMF	38.70	-121.59	Sacramento
SMN	45.12	-113.88	Salmon
SMX	34.90	-120.46	Santa Maria
SNA	33.68	-117.87	Santa Ana
SOW	34.26	-110.01	Show Low
SPI	39.84	-89.68	Springfield
SPS	33.99	-98.49	Wichita Falls
SQL	37.51	-122.25	San Carlos
SRQ	27.39	-82.55	Sarasota/Bradenton
STC	45.55	-94.06	Saint Cloud
STL	38.75	-90.37	St Louis
STS	38.51	-122.81	Santa Rosa
SUN	43.50	-114.30	Hailey
SUX	42.40	-96.38	Sioux City
SVC	32.64	-108.15	Silver City
SWF	41.50	-74.11	Newburgh
SWO	36.16	-97.09	Stillwater
SYR	43.11	-76.11	Syracuse
TBN	37.74	-92.14	Fort Leonard Wood
TEB	40.85	-74.06	Teterboro
TEX	37.95	-107.91	Telluride
TIW	47.27	-122.58	Tacoma
TLH	30.40	-84.35	Tallahassee
TOL	41.59	-83.81	Toledo
TPA	27.98	-82.53	Tampa
TRI	36.48	-82.41	Blountville
TKF	39.32	-120.14	Truckee
TTN	40.28	-74.81	Ewing Township
TUL	36.20	-95.89	Tulsa
TUP	34.27	-88.77	Tupelo
TUS	32.12	-110.94	Tucson
TVC	44.74	-85.58	Traverse City
TVF	48.07	-96.18	Thief River Falls
TWF	42.48	-114.49	Twin Falls
TXK	33.45	-93.99	Texarkana
TYR	32.35	-95.40	Tyler
TYS	35.81	-83.99	Knoxville/Maryville
UIN	39.94	-91.19	Quincy
SCE	40.85	-77.85	State College
NPT	41.53	-71.28	Newport
VCT	28.85	-96.92	Victoria
VEL	40.44	-109.51	Vernal
VLD	30.78	-83.28	Valdosta
VPS	30.48	-86.52	Valparaiso
VRB	27.66	-80.42	Vero Beach
WST	41.35	-71.80	Westerly
WYS	44.69	-111.12	West Yellowstone
XNA	36.28	-94.31	Fayetteville/Springdale/Rogers
XWA	48.26	-103.75	Williston
YKM	46.57	-120.54	Yakima
BOR	20.32	100.17	Ton Phueng
TIA	41.41	19.72	Rinas
BOJ	42.57	27.52	Burgas
PDV	42.07	24.85	Plovdiv
SOF	42.70	23.42	Sofia
VAR	43.23	27.83	Varna
ECN	35.15	33.51	Tymbou (Kirklar)
LCA	34.88	33.62	Larnaca
PFO	34.72	32.49	Paphos
DBV	42.56	18.27	Dubrovnik
OSI	45.46	18.81	Osijek(Klisa)
PUY	44.89	13.92	Pula
RJK	45.22	14.57	Rijeka(Omišalj)
BWK	43.28	16.68	Gornji Humac
SPU	43.54	16.30	Split
ZAG	45.74	16.07	Velika Gorica
ZAD	44.10	15.35	Zadar
ALC	38.28	-0.56	Alicante
LEI	36.84	-2.37	Almería
OVD	43.56	-6.03	Ranón
ODB	37.84	-4.85	Córdoba
BIO	43.30	-2.91	Bilbao
BCN	41.30	2.08	Barcelona
BJZ	38.89	-6.82	Badajoz
CDT	40.21	0.07	Castellón de la Plana
LCG	43.30	-8.38	Culleredo
ILD	41.73	0.54	Lleida
GRO	41.90	2.76	Girona
GRX	37.19	-3.78	Granada
IBZ	38.87	1.37	Ibiza (Eivissa)
XRY	36.74	-6.06	Jerez de la Frontera
LEN	42.59	-5.65	La Virgen del Camino
RJL	42.46	-2.32	Logroño
MAD	40.49	-3.57	Madrid
AGP	36.67	-4.50	Málaga
MAH	39.86	4.22	Mahón (Maó)
RMU	37.80	-1.12	Corvera
PMI	39.55	2.74	Palma de Mallorca
PNA	42.77	-1.65	Pamplona
REU	41.15	1.17	Reus
SLM	40.95	-5.50	Salamanca
EAS	43.36	-1.79	Hondarribia
SCQ	42.90	-8.42	Santiago de Compostela
LEU	42.34	1.41	La Seu d'Urgell Pyrenees and Andorra
VLC	39.49	-0.48	Valencia
VLL	41.71	-4.85	Valladolid
VIT	42.88	-2.72	Alava
VGO	42.23	-8.63	Vigo
SDR	43.43	-3.82	Santander
ZAZ	41.67	-1.04	Zaragoza
SVQ	37.42	-5.89	Seville
BOD	44.83	-0.72	Bordeaux
EGC	44.83	0.52	Bergerac
LRH	46.18	-1.20	La Rochelle
PIS	46.59	0.31	Poitiers/Biard
LIG	45.86	1.18	Limoges/Bellegarde
TLS	43.63	1.36	Toulouse/Blagnac
PUF	43.38	-0.42	Pau/Pyrénées (Uzein)
LDE	43.18	-0.01	Tarbes/Lourdes/Pyrénées
BIQ	43.47	-1.52	Biarritz
DCM	43.56	2.29	Castres
RDZ	44.41	2.48	Rodez/Marcillac
OUI	48.46	-5.06	Ushant
DLE	47.04	5.43	Dole
LPY	45.08	3.76	Chaspuzac, Haute-Loire
ETZ	48.98	6.25	Goin
BIA	42.55	9.48	Bastia
CLY	42.53	8.79	Calvi
FSC	41.50	9.10	Figari
AJA	41.92	8.80	Ajaccio
CMF	45.64	5.88	Chambéry
CFE	45.79	3.17	Clermont-Ferrand
LYS	45.73	5.09	Colombier-Saugnieu, Rhône
NCY	45.93	6.10	Annecy
GNB	45.36	5.33	Grenoble
AUR	44.89	2.42	Aurillac
CCF	43.22	2.31	Carcassonne
MRS	43.44	5.21	Marignane, Bouches-du-Rhône
NCE	43.66	7.22	Nice, Alpes-Maritimes
PGF	42.74	2.87	Perpignan/Rivesaltes
MPL	43.58	3.96	Montpellier/Méditerranée
BZR	43.32	3.35	Béziers
AVN	43.91	4.90	Avignon
BVA	49.45	2.11	Beauvais
XCR	48.77	4.21	Chalons en Champagne
TUF	47.43	0.73	Tours, Indre-et-Loire
CDG	49.01	2.55	Paris (Roissy-en-France, Val-d'Oise)
ORY	48.73	2.36	Paris (Orly, Val-de-Marne)
LIL	50.57	3.10	Lesquin
BES	48.45	-4.42	Brest
DOL	49.37	0.15	Deauville
CFR	49.18	-0.45	Caen
RNS	48.07	-1.73	Saint-Jacques-de-la-Lande, Ille-et-Vilaine
NTE	47.15	-1.61	Nantes
BSL	47.60	7.52	Bâle / Mulhouse
BVE	45.04	1.49	Brive
SXB	48.54	7.63	Strasbourg
TLN	43.10	6.15	Hyères, Var
FNI	43.76	4.42	Nîmes/Garons
LTT	43.21	6.48	Saint-Tropez
MQC	47.10	-56.38	Miquelon
FSP	46.76	-56.17	Saint-Pierre
AXD	40.86	25.96	Alexandroupolis
ATH	37.94	23.94	Spata-Artemida
VOL	39.22	22.79	Nea Anchialos
JKH	38.34	26.14	Chios Island
JIK	37.68	26.35	Ikaria Island
IOA	39.70	20.82	Ioannina
HER	35.34	25.18	Heraklion
KSO	40.45	21.28	Argos Orestiko
KIT	36.27	23.02	Kithira Island
EFL	38.12	20.50	Kefallinia Island
KZS	36.14	29.58	Kastelorizo Island
KLX	37.07	22.03	Kalamata
KGS	36.79	27.09	Kos Island
AOK	35.42	27.15	Karpathos Island
CFU	39.60	19.91	Kerkyra (Corfu)
KSJ	35.42	26.91	Kasos Island
KVA	40.91	24.62	Kavala
JKL	36.96	26.94	Kalymnos Island
KZI	40.29	21.84	Kozani
LRS	37.18	26.80	Leros Island
LXS	39.92	25.24	Limnos Island
JMK	37.44	25.35	Mykonos
MLO	36.70	24.48	Milos Island
MJT	39.06	26.60	Mytilene
JNX	37.08	25.37	Naxos
PAS	37.02	25.11	Paros
JTY	36.58	26.38	Astypalaia Island
PVK	38.93	20.77	Preveza
RHO	36.41	28.09	Rhodes
GPA	38.15	21.43	Patras
CHQ	35.53	24.15	Souda
JSI	39.18	23.50	Skiathos
SMI	37.69	26.91	Samos Island
JSY	37.42	24.95	Syros Island
JTR	36.40	25.48	Santorini Island
JSH	35.22	26.10	Crete Island
SKU	38.97	24.49	Skiros Island
SKG	40.52	22.97	Thessaloniki
ZTH	37.75	20.88	Zakynthos
BUD	47.43	19.26	Budapest
DEB	47.49	21.62	Debrecen
PEV	45.99	18.24	Pécs
SOB	46.69	17.16	Sármellék
CRV	39.00	17.08	Isola di Capo Rizzuto (KR)
BRI	41.14	16.76	Bari
FOG	41.43	15.53	Foggia (FG)
PSR	42.43	14.18	Pescara
BDS	40.66	17.95	Brindisi
SUF	38.91	16.25	Lamezia Terme (CZ)
CIY	37.00	14.61	Comiso
CTA	37.47	15.07	Catania
LMP	35.50	12.62	Lampedusa
PNL	36.82	11.97	Pantelleria (TP)
PMO	38.18	13.09	Palermo
REG	38.07	15.65	Reggio Calabria
TPS	37.91	12.49	Trapani (TP)
AHO	40.63	8.29	Alghero
CAG	39.25	9.05	Cagliari
OLB	40.90	9.52	Olbia (SS)
MXP	45.63	8.73	Ferno (VA)
BGY	45.67	9.71	Orio al Serio (BG)
TRN	45.20	7.65	Caselle Torinese (TO)
GOA	44.41	8.84	Genova (GE)
LIN	45.45	9.28	Segrate (MI)
PMF	44.83	10.30	Parma (PR)
CUF	44.55	7.62	Levaldigi (CN)
BZO	46.46	11.33	Bolzano (BZ)
BLQ	44.54	11.29	Bologna
TSF	45.65	12.19	Treviso (TV)
FRL	44.19	12.07	Forlì (FC)
VBS	45.43	10.33	Montichiari (BS)
TRS	45.83	13.47	Ronchi dei Legionari/Trieste
RMI	44.02	12.61	Rimini (RN)
VRN	45.39	10.89	Caselle (VR)
AOI	43.62	13.36	Falconara Marittima (AN)
VCE	45.51	12.35	Venezia (VE)
CIA	41.80	12.60	Rome
FCO	41.80	12.25	Rome
QSR	40.62	14.91	Salerno
EBA	42.76	10.24	Campo nell'Elba (LI)
NAP	40.89	14.29	Napoli
PSA	43.68	10.39	Pisa (PI)
FLR	43.81	11.20	Firenze (FI)
PEG	43.10	12.51	Perugia (PG)
LJU	46.22	14.46	Zgornji Brnik
MBX	46.48	15.69	Maribor
JCL	48.95	14.43	České Budějovice
KLV	50.20	12.91	Karlovy Vary
OSR	49.70	18.11	Mošnov
PED	50.02	15.74	Pardubice
PRG	50.10	14.26	Prague
BRQ	49.15	16.69	Brno
TLV	32.01	34.89	Tel Aviv
ETM	29.73	35.01	Eilat
HFA	32.81	35.04	Haifa
MLA	35.85	14.49	Valletta
GRZ	46.99	15.44	Feldkirchen bei Graz
INN	47.26	11.34	Innsbruck
KLU	46.64	14.34	Klagenfurt am Wörthersee
LNZ	48.24	14.19	Linz
SZG	47.79	13.00	Salzburg
VIE	48.11	16.57	Vienna
SMA	36.97	-25.17	Vila do Porto
BGC	41.86	-6.71	Bragança
CVU	39.67	-31.11	Corvo
CAT	38.72	-9.36	Cascais
FLW	39.46	-31.13	Santa Cruz das Flores
FAO	37.02	-7.97	Faro
GRW	39.09	-28.03	Santa Cruz da Graciosa
HOR	38.52	-28.72	Horta
TER	38.76	-27.09	Praia da Vitória
FNC	32.70	-16.77	Funchal
PDL	37.74	-25.70	Ponta Delgada
PIX	38.55	-28.44	Pico Island
PRM	37.15	-8.58	Portimão
OPO	41.25	-8.68	Porto
PXO	33.07	-16.35	Vila Baleira
LIS	38.78	-9.14	Lisbon
SJZ	38.67	-28.18	Velas
VRL	41.27	-7.72	Vila Real
VSE	40.73	-7.89	Viseu
BNX	44.94	17.30	Mahovljani
OMO	43.28	17.85	Mostar
SJJ	43.82	18.33	Sarajevo
TZL	44.46	18.72	Dubrave Gornje
ARW	46.18	21.26	Arad
BCM	46.52	26.91	Bacău
BAY	47.66	23.46	Tăuții-Măgherăuș
BBU	44.50	26.10	Bucharest
GHV	45.71	25.52	Brașov (Ghimbav)
CND	44.36	28.49	Constanța
CLJ	46.79	23.69	Cluj-Napoca
CRA	44.32	23.89	Craiova
IAS	47.18	27.62	Iaşi
OMR	47.03	21.90	Oradea
OTP	44.57	26.10	Otopeni
SBZ	45.79	24.09	Sibiu
SUJ	47.70	22.89	Satu Mare
SCV	47.69	26.35	Suceava
TGM	46.47	24.41	Recea
TSR	45.81	21.34	Timişoara
GVA	46.24	6.11	Geneva
LUG	46.00	8.91	Agno
BRN	46.91	7.50	Bern
ZRH	47.46	8.55	Zurich
ACH	47.49	9.56	St. Gallen
ESB	40.13	33.00	Ankara
AYT	36.90	30.80	Antalya
GZT	36.95	37.48	Gaziantep
KFS	41.31	33.80	Kastamonu
KYA	37.98	32.56	Konya
MZH	40.83	35.52	Amasya
VAS	39.81	36.90	Sivas
ONQ	41.51	32.09	Zonguldak
MLX	38.44	38.09	Malatya
ASR	38.77	35.50	Kayseri
TJK	40.32	36.39	Tokat
DNZ	37.79	29.70	Denizli
NAV	38.77	34.53	Nevşehir
BZI	39.62	27.93	Balıkesir
CKZ	40.14	26.43	Çanakkale
ADB	38.29	27.16	Gaziemir
YEI	40.26	29.56	Yenişehir
DLM	36.71	28.79	Dalaman
TEQ	41.14	27.92	Çorlu
AOE	39.81	30.52	Eskişehir
KZR	39.11	30.13	Altıntaş
EZS	38.60	39.28	Elazığ
OGU	40.97	38.09	Ordu
DIY	37.89	40.20	Diyarbakır
ERC	39.71	39.53	Erzincan
ERZ	39.96	41.17	Erzurum
KSY	40.56	43.12	Kars
TZX	41.00	39.79	Trabzon
VAN	38.47	43.33	Van
BAL	37.93	41.12	Batman
MSR	38.75	41.66	Muş
NOP	42.02	35.07	Sinop
KCM	37.54	36.95	Kahramanmaraş
AJI	39.66	43.03	Ağrı
ADF	37.73	38.47	Adıyaman
MQM	37.22	40.63	Mardin
GNY	37.45	38.90	Şanlıurfa
IGD	39.98	43.88	Iğdır
BGG	38.86	40.59	Bingöl
NKT	37.36	42.06	Şırnak
YKO	37.55	44.24	Hakkari
HTY	36.36	36.29	Antakya
COV	36.89	35.07	Tarsus
ISE	37.86	30.37	Isparta
EDO	39.55	27.01	Edremit
BJV	37.25	27.66	Bodrum
GZP	36.30	32.30	Gazipaşa
SZF	41.25	36.57	Samsun
SAW	40.90	29.31	Pendik, Istanbul
IST	41.27	28.73	Istanbul
RZV	41.18	40.85	Rize
RMO	46.93	28.93	Chişinău
OHD	41.18	20.74	Ohrid
SKP	41.96	21.62	Ilinden
GIB	36.15	-5.35	Gibraltar
BEG	44.82	20.31	Belgrade
KVO	43.82	20.59	Kraljevo
INI	43.34	21.86	Niš
TGD	42.36	19.25	Podgorica
TIV	42.40	18.72	Tivat
LZG	31.50	106.03	Nanchong (Langzhong)
BTS	48.17	17.21	Bratislava
KSC	48.66	21.24	Košice
SLD	48.64	19.13	Sliač
TAT	49.07	20.24	Poprad
GDT	21.44	-71.14	Cockburn Town
NCA	21.92	-71.94	North Caicos
PLS	21.77	-72.27	Providenciales
XSC	21.52	-71.53	South Caicos
SLX	21.33	-71.20	Salt Cay
BRX	18.25	-71.12	Barahona
AZS	19.27	-69.74	Samana
JBQ	18.57	-69.99	La Isabela
LRM	18.45	-68.91	La Romana
PUJ	18.57	-68.36	Punta Cana
POP	19.76	-70.57	Puerto Plata
SDQ	18.43	-69.67	Santo Domingo
STI	19.40	-70.60	Santiago
GUA	14.58	-90.53	Guatemala City
HUG	15.32	-91.51	Huehuetenango
PBR	15.73	-88.58	Puerto Barrios
AAZ	14.87	-91.50	Quezaltenango
RER	14.52	-91.70	Retalhuleu
FRS	16.91	-89.87	San Benito
UJE	8.93	165.76	Ujae Atoll
AUL	8.15	171.17	Aur Atoll
JEJ	7.57	168.96	Ailinglapalap Atoll
LIK	9.82	169.31	Likiep Island
MJE	8.16	168.17	Majkin
RNP	11.16	166.89	Rongelap Island
UIT	5.91	169.64	Jabor Jaluit Atoll
WTE	9.46	170.24	Wotje
WTO	10.17	166.00	Wotho Island
LCE	15.74	-86.85	La Ceiba
SAP	15.45	-87.92	San Pedro Sula
GJA	16.45	-85.91	Guanaja
PEU	15.26	-83.78	Puerto Lempira
RTB	16.32	-86.52	Coxen Hole
XPL	14.38	-87.62	Palmerola
TGU	14.06	-87.22	Tegucigalpa
UII	16.11	-86.88	Utila Island
OCJ	18.40	-76.97	Boscobel
KIN	17.94	-76.79	Kingston
MBJ	18.50	-77.91	Montego Bay
KTP	17.99	-76.82	Tinson Pen
MIJ	6.08	171.73	Mili Island
ACA	16.76	-99.75	Acapulco
AGU	21.70	-102.32	Aguascalientes
HUX	15.78	-96.26	Huatulco
CME	18.65	-91.80	Ciudad del Carmen
CUL	24.77	-107.48	Culiacán
CTM	18.50	-88.33	Chetumal
CEN	27.39	-109.83	Ciudad Obregón
CPE	19.82	-90.50	Campeche
CJS	31.64	-106.43	Ciudad Juárez
CUU	28.70	-105.96	Chihuahua
CVM	23.70	-98.96	Ciudad Victoria
CZM	20.51	-86.93	Cozumel
CUA	25.05	-111.61	Comondú
DGO	24.13	-104.53	Durango
TPQ	21.42	-104.84	Tepic
GDL	20.52	-103.31	Guadalajara
GYM	27.97	-110.93	Guaymas
GUB	28.03	-114.02	San Quintín
HMO	29.09	-111.05	Hermosillo
CLQ	19.28	-103.58	Colima
SLW	25.54	-100.93	Saltillo
IZT	16.45	-95.09	Ixtepec
LMM	25.69	-109.08	Los Mochis
BJX	20.99	-101.48	Silao
LAP	24.07	-110.36	La Paz
LTO	25.99	-111.35	Loreto
MAM	25.77	-97.53	Matamoros
MID	20.93	-89.65	Mérida
MXL	32.63	-115.24	Mexicali
MLM	19.85	-101.03	Morelia
MTT	18.10	-94.58	Cosoleacaque
MEX	19.44	-99.07	Mexico City
MTY	25.78	-100.11	Monterrey
MZT	23.16	-106.26	Mazatlàn
NLD	27.44	-99.57	Nuevo Laredo
OAX	17.00	-96.73	Oaxaca
PAZ	20.60	-97.46	Poza Rica
PBC	19.16	-98.37	Puebla
PPE	31.35	-113.31	Puerto Peñasco
PDS	28.63	-100.54	Piedras Negras
UPN	19.40	-102.04	Uruapan
PVR	20.68	-105.25	Puerto Vallarta
PXM	15.88	-97.09	Puerto Escondido
QRO	20.62	-100.19	Querétaro
REX	26.01	-98.23	Reynosa
SJD	23.15	-109.72	San José del Cabo
CSW	22.95	-109.94	Cabo San Lucas
NLU	19.74	-99.02	Mexico City
SLP	22.26	-100.94	San Luis Potosí
TRC	25.56	-103.40	Torreón
TGZ	16.56	-93.03	Tuxtla Gutiérrez
TIJ	32.54	-116.97	Tijuana
TQO	20.17	-87.66	Tulum
TAM	22.29	-97.87	Ciudad Madero
TLC	19.34	-99.57	Toluca
TAP	14.79	-92.37	Tapachula
CUN	21.04	-86.87	Cancún
VSA	17.99	-92.82	Villahermosa
VER	19.14	-96.19	Veracruz
ZCL	22.89	-102.69	Zacatecas
ZIH	17.60	-101.46	Ixtapa
ZLO	19.14	-104.56	Manzanillo
BEF	11.99	-83.77	Bluefields
RNI	12.17	-83.06	Corn Island
MGA	12.14	-86.17	Managua
PUZ	14.05	-83.39	Puerto Cabezas
MOH	-2.20	121.66	Morowali
BOC	9.34	-82.25	Isla Colón
CTD	7.99	-80.41	Chitré
CHX	9.46	-82.52	Changuinola
DAV	8.39	-82.44	David
ONX	9.36	-79.87	Colón
BLB	8.91	-79.60	Panamá City
PAC	8.97	-79.56	Albrook
PDM	7.53	-80.04	Pedasí
RIH	8.38	-80.13	Río Hato
PTY	9.07	-79.38	Tocumen
FON	10.47	-84.58	La Fortuna
GLF	8.65	-83.18	Golfito
LIR	10.59	-85.54	Liberia
LIO	9.96	-83.02	Limón
NOB	9.98	-85.65	Nicoya
SJO	9.99	-84.21	San José (Alajuela)
PJM	8.53	-83.30	Puerto Jimenez
SYQ	9.96	-84.14	San Jose
XQP	9.44	-84.13	Quepos
SAL	13.44	-89.06	San Salvador (San Luis Talpa)
ILS	13.70	-89.12	San Salvador
CYA	18.27	-73.79	Les Cayes
CAP	19.73	-72.20	Cap Haitien
JEE	18.66	-74.17	Carrefour Sanon
PAP	18.58	-72.29	Port-au-Prince
BCA	20.37	-74.51	Baracoa
BYM	20.40	-76.62	Bayamo
CCC	22.46	-78.33	Cayo Coco
CFG	22.15	-80.41	Cienfuegos
CYO	21.62	-81.55	Cayo Largo del Sur
CMW	21.42	-77.85	Camaguey
SCU	19.97	-75.84	Santiago
HAV	22.99	-82.41	Havana
HOG	20.79	-76.32	Holguin
MZO	20.29	-77.09	Manzanillo
GER	21.83	-82.78	Nueva Gerona
SNU	22.49	-79.94	Santa Clara
TND	21.79	-80.00	Trinidad
VRA	23.03	-81.44	Matanzas
VTU	20.99	-76.94	Las Tunas
FMT	0.19	73.20	Faresmaathodaa
CYB	19.69	-79.88	West End
GCM	19.29	-81.36	George Town
LBP	3.20	115.40	Long Banga
ASD	24.70	-77.80	Andros Town
TZN	24.16	-77.59	Andros
MHH	26.51	-77.08	Marsh Harbour
SAQ	25.05	-78.05	Andros Island
AXP	22.44	-73.97	Spring Point
TCB	26.75	-77.39	Treasure Cay
CCZ	25.42	-77.88	Chub Cay
BIM	25.70	-79.26	South Bimini
ATC	24.63	-75.67	Arthur's Town
TBI	24.32	-75.45	Cat Island
CRI	22.75	-74.18	Colonel Hill
GGT	23.56	-75.88	Moss Town
ELH	25.48	-76.68	North Eleuthera
GHB	25.28	-76.33	Governor's Harbour
RSD	24.89	-76.18	Rock Sound
FPO	26.56	-78.70	Freeport
IGA	20.98	-73.67	Matthew Town
MYK	61.34	-142.69	May Creek
LGI	23.18	-75.09	Deadman's Cay
SML	23.58	-75.27	Stella Maris
MYG	22.38	-73.01	Abraham Bay Settlement
NAS	25.04	-77.47	Nassau
ZSA	24.06	-74.52	San Salvador
BZE	17.54	-88.30	Belize City
PLJ	16.54	-88.36	Placencia
AIT	-18.83	-159.76	Aitutaki
AIU	-19.97	-158.12	Atiu Island
MHX	-10.38	-161.00	Manihiki Island
MUK	-20.14	-157.35	Mauke Island
MOI	-19.84	-157.70	Mitiaro Island
RAR	-21.20	-159.81	Avarua
ICI	-17.74	-179.34	Cicia
NAN	-17.76	177.44	Nadi
PTF	-17.78	177.20	Malolo Lailai Island
KDV	-19.06	178.16	Vunisea
MNF	-17.67	177.10	Mana Island
MFJ	-18.57	179.95	Moala
SUV	-18.04	178.56	Nausori
LEV	-17.71	178.76	Bureta
NGI	-18.12	179.34	Ngau
LKB	-18.20	-178.82	Lakeba Island
LBS	-16.47	179.34	Labasa
TVU	-16.69	-179.88	Matei
KXF	-17.35	179.42	Koro Island
RTA	-12.48	177.07	Rotuma
SVU	-16.80	179.34	Savusavu
YAS	-16.76	177.54	Yasawa Island
EUA	-21.38	-174.96	Eua Island
TBU	-21.24	-175.15	Nuku'alofa
HPA	-19.78	-174.34	Lifuka
NTT	-15.98	-173.79	Niuatoputapu
VAV	-18.59	-173.96	Vava'u Island
VBV	-17.27	-178.98	Vanua Balavu
PHG	4.85	7.02	Port Harcourt
FUN	-8.52	179.20	Funafuti
TRW	1.38	173.15	South Tarawa
BBG	3.09	172.81	Butaritari
AAK	0.19	173.64	Buariki
IUE	-19.08	-169.92	Alofi
NLH	27.54	100.76	Ninglang
FUT	-14.31	-178.07	Futuna Island
WLS	-13.24	-176.20	Wallis Island
PHH	28.18	84.01	Pokhara
OFU	-14.18	-169.67	Ofu
APW	-13.83	-172.01	Apia
FTI	-14.22	-169.42	Fitiuta Village
PPG	-14.33	-170.71	Pago Pago
PPT	-17.55	-149.61	Papeete
RMT	-22.64	-152.81	Rimatara Island
RUR	-22.43	-151.36	
TUB	-23.37	-149.52	
RVV	-23.89	-147.66	
AAA	-17.35	-145.51	Anaa
FGU	-15.82	-140.89	Fangatau
TIH	-15.12	-148.23	Tuherahera
APK	-15.57	-146.41	Apataki
FAV	-16.05	-145.66	
HHZ	-17.55	-142.61	Hikueru
XMH	-14.44	-146.07	
GMR	-23.08	-134.89	
KKR	-15.66	-146.88	Raitahiti
MKP	-16.58	-143.66	Makemo
NAU	-14.18	-141.27	Napuka Island
TKV	-17.36	-138.45	Tatakoto
PKP	-14.81	-138.81	
TKP	-14.71	-145.25	
AXR	-15.25	-146.62	
MVT	-14.87	-148.72	
AHE	-14.43	-146.26	Ahe Atoll
KHZ	-15.78	-145.13	Kauehi
FHZ	-15.99	-140.16	Fakahina
NIU	-16.12	-146.37	Naiu Atoll
RRR	-16.05	-142.48	Raroia
TKX	-14.46	-145.02	
NHV	-8.80	-140.23	Nuku Hiva
AUQ	-9.77	-139.01	Hiva Oa Island
UAP	-9.35	-140.08	Ua Pou
UAH	-8.94	-139.55	Ua Huka
BOB	-16.44	-151.75	Motu Mute
RGI	-14.95	-147.66	
HUH	-16.69	-151.02	Fare
MOZ	-17.49	-149.76	Moorea-Maiao
HOI	-18.07	-140.95	Otepa
MAU	-16.43	-152.24	
RFP	-16.72	-151.47	Uturoa
SLH	-13.85	167.54	Sola
CCV	-16.26	167.92	Craig Cove
LOD	-15.31	167.97	Longana
SSR	-15.47	168.15	Pentecost Island
PBJ	-16.43	168.24	Paama Island
LPM	-16.46	167.83	Lamap
LNB	-16.58	168.16	Lamen Bay
LNE	-15.87	168.17	Lonorore
NUS	-16.08	167.40	Norsup
SON	-15.51	167.22	Luganville
TGH	-16.89	168.55	Tongoa Island
VLS	-16.80	168.18	Epi Island
WLH	-15.41	167.69	Walaha
OLJ	-14.88	166.56	Olpoi
FTA	-19.52	170.23	Futuna Island
VLI	-17.70	168.32	Port Vila
TAH	-19.46	169.22	Tanna Island
TGJ	-21.10	167.80	Tiga
BMY	-19.72	163.66	Waala
KNQ	-21.05	164.84	Koné
ILP	-22.59	167.46	Île des Pins
KOC	-20.55	164.26	Koumac
LIF	-20.77	167.24	Lifou
GEA	-22.26	166.47	Nouméa
MEE	-21.48	168.04	Maré
TOU	-20.79	165.26	Touho
UVE	-20.64	166.57	Ouvéa
NOU	-22.01	166.21	Nouméa (La Tontouta)
AKL	-37.01	174.79	Auckland
TUO	-38.74	176.08	Taupo
CHC	-43.49	172.53	Christchurch
CHT	-43.81	-176.47	Te One
DUD	-45.93	170.20	Dunedin
GBZ	-36.24	175.47	Claris
GIS	-38.66	177.98	Gisborne
HKK	-42.71	170.99	
HLZ	-37.87	175.33	Hamilton
KKE	-35.26	173.91	Kerikeri
KAT	-35.07	173.29	Awanui
NPL	-39.01	174.18	New Plymouth
NPE	-39.47	176.87	Napier
NSN	-41.30	173.22	Nelson
IVC	-46.41	168.31	Invercargill
PMR	-40.32	175.62	Palmerston North
PCN	-41.35	173.96	Koromiko
ZQN	-45.02	168.75	Queenstown
ROT	-38.11	176.32	Rotorua
TRG	-37.67	176.20	Tauranga
TIU	-44.30	171.23	
BHE	-41.52	173.87	Blenheim
WKA	-44.72	169.25	Wanaka
WHK	-37.92	176.92	Whakatāne
WLG	-41.33	174.81	Wellington
WRE	-35.77	174.36	Whangarei
WSZ	-41.74	171.58	Westport
WAG	-39.96	175.02	Wanganui
FBD	37.12	70.52	Fayzabad
HEA	34.21	62.23	Guzara
KBL	34.57	69.21	Kabul
KDH	31.51	65.85	Kandahar
KHT	33.28	69.81	Khost
MZR	36.70	67.21	Mazar-i-Sharif
BAH	26.27	50.64	Manama
OCS	0.91	9.33	Corisco Island
AHB	18.24	42.66	Abha
HOF	25.29	49.49	Hofuf
ULH	26.48	38.12	Al-Ula
ABT	20.30	41.64	Al-Baha
BHH	19.98	42.62	Bisha
DMM	26.47	49.80	Ad Dammam
DWD	24.45	44.12	Dawadmi
GIZ	16.90	42.59	Jizan
ELQ	26.30	43.77	Qassim
URY	31.41	37.28	Gurayat
HAS	27.44	41.69	Hail
JED	21.68	39.16	Jeddah
KMC	27.90	45.53	King Khaled Military City
MED	24.55	39.71	Medina
EAM	17.61	44.42	Najran
NUM	27.92	35.29	Sharma
AQI	28.34	46.13	Qaisumah
RAH	29.63	43.49	Rafha
RUH	24.96	46.70	Riyadh
RAE	30.91	41.14	Arar
SHW	17.47	47.12	Sharurah
AJF	29.78	40.10	Al-Jawf
TUU	28.37	36.62	Tabuk
TIF	21.48	40.54	Taif
TUI	31.69	38.73	Turaif
WAE	20.50	45.20	Wadi Al Dawasir
EJH	26.20	36.48	Al Wajh
YNB	24.14	38.06	Yanbu
ABD	30.37	48.23	Abadan
DEF	32.43	48.40	Dezful
GCH	30.33	50.83	Gachsaran
MRX	30.56	49.15	Mahshahr
AWZ	31.34	48.76	Ahvaz
AEU	25.88	55.03	Abu Musa
BUZ	28.94	50.83	Bushehr
KIH	26.53	53.98	Kish Island
BDH	26.53	54.82	Bandar Lengeh
PGU	27.38	52.74	Khiyaroo
KHK	29.26	50.32	Khark
KSH	34.35	47.16	Kermanshah
KHD	33.44	48.28	
SDG	35.25	47.01	
KKS	33.90	51.58	Kashan
IFN	32.76	51.88	Isfahan
RAS	37.32	49.62	Rasht
HDM	34.87	48.56	Hamadan
IKA	35.42	51.15	Tehran
THR	35.69	51.31	Tehran
PYK	35.78	50.83	Karaj
SNX	35.59	53.50	Semnan
BND	27.22	56.38	Bandar Abbas
KER	30.27	56.95	Kerman
BXR	29.08	58.45	Bam
GSM	26.75	55.90	Qeshm(Dayrestan)
RJN	30.30	56.05	Rafsanjan
XBJ	32.90	59.28	Birjand
MHD	36.23	59.64	Mashhad
BJB	37.49	57.31	Bojnord
AFZ	36.17	57.60	Sabzevar
NSH	36.66	51.46	Nowshahr
RZR	36.91	50.69	Ramsar
SRY	36.64	53.19	Sari
LRR	27.67	54.38	Lar
LFM	27.37	53.19	Lamerd
SYZ	29.54	52.59	Shiraz
ADU	38.33	48.42	Ardabil
PFQ	39.60	47.88	Parsabad
OMH	37.67	45.07	Urmia
TBZ	38.13	46.24	Tabriz
AZD	31.90	54.28	Yazd
ZBR	25.44	60.38	Konarak
ZAH	29.48	60.91	Zahedan
JSK	25.65	57.80	Bandar-e-Jask
AMM	31.72	35.99	Amman
ADJ	31.97	35.99	Amman
AQJ	29.61	35.02	Aqaba
KWI	29.22	47.97	Kuwait City
BEY	33.82	35.49	Beirut
OLH	57.22	-153.27	Old Harbor
DQM	19.50	57.63	Duqm
AUH	24.44	54.65	Abu Dhabi
AAN	24.26	55.61	Al Ain
DXB	25.25	55.37	Dubai
ZDY	24.51	52.34	Delma Island
DWC	24.90	55.16	Dubai(Jebel Ali)
FJR	25.11	56.33	Fujairah
RKT	25.61	55.94	Ras Al Khaimah
SHJ	25.33	55.52	Sharjah
KHS	26.17	56.24	Khasab
MCT	23.60	58.29	Muscat/Seeb
SLL	17.04	54.09	Salalah
OHS	24.39	56.63	Suhar
BHV	29.35	71.72	Bahawalpur
CJL	35.89	71.80	Chitral
DBA	28.88	64.40	Dalbandin
DEA	29.96	70.49	Dera Ghazi Khan
LYP	31.36	73.00	Faisalabad
GWD	25.30	62.50	Gurandani
GIL	35.92	74.33	Gilgit
ISB	33.55	72.83	Attock
KHI	24.91	67.16	Karachi
HDD	25.32	68.37	Hyderabad
KDD	27.79	66.65	Khuzdar
LHE	31.52	74.40	Lahore
MFG	34.34	73.51	Muzaffarabad
MUX	30.20	71.42	Multan
WNS	26.22	68.39	Nawabashah
PEW	33.99	71.51	Peshawar
UET	30.25	66.94	Quetta
RYK	28.38	70.28	Rahim Yar Khan
KDU	35.34	75.54	Skardu
SKZ	27.72	68.79	Sukkur
SKT	32.54	74.36	Sialkot
TUK	25.98	63.03	Turbat
PZH	31.36	69.46	Fort Sandeman
BGW	33.26	44.23	Baghdad
EBL	36.24	43.95	Arbil
ORI	57.88	-152.85	Port Lions
KIK	35.47	44.35	Kirkuk
BSR	30.55	47.66	Basra
NJF	31.99	44.41	Najaf
ISU	35.56	45.32	Sulaymaniyah
ALP	36.18	37.23	Aleppo
DAM	33.41	36.52	Damascus
KAC	37.02	41.19	Qamishli
LTK	35.40	35.95	Latakia
DIA	25.26	51.57	Doha
DOH	25.27	51.61	Doha
ADE	12.83	45.03	Aden
AAY	16.19	52.17	Al Ghaydah
RIY	14.66	49.38	Mukalla(Riyan)
SAH	15.48	44.22	Sanaa
SCT	12.63	53.91	Mori
GXF	15.97	48.79	Seiyun
TAI	13.69	44.14	Taiz
BFQ	7.59	-78.18	Puerto Piña
OTD	8.63	-79.03	Contadora Island
AKB	52.22	-174.21	Atka
BTI	70.13	-143.58	Barter Island
BET	60.78	-161.84	Bethel
BKC	65.98	-161.15	Buckland
BRW	71.29	-156.77	Utqiaġvik
BTT	66.91	-151.53	Bettles
CDB	55.21	-162.73	Cold Bay
CEM	65.57	-144.78	Central
CIK	66.64	-143.74	Chalkyitsik
CYF	60.14	-164.28	Chefornak
SCM	61.84	-165.58	Scammon Bay
IRC	65.83	-144.08	Circle
CDV	60.49	-145.48	Cordova
CYT	60.08	-142.49	Yakataga
DRG	66.07	-162.77	Deering
ADK	51.88	-176.64	Adak
DLG	59.04	-158.51	Dillingham
MLL	61.86	-162.03	Marshall
ADQ	57.75	-152.49	Kodiak
DUT	53.90	-166.54	Unalaska
KKH	59.96	-162.88	Kongiganak
EEK	60.21	-162.04	Eek
EAA	64.78	-141.15	Eagle
EMK	62.79	-164.49	Emmonak
ENA	60.57	-151.25	Kenai
WWT	60.81	-164.50	Mertarvik
FAI	64.82	-147.86	Fairbanks
ABL	67.11	-157.86	Ambler
NIB	63.02	-154.36	Nikolai
GAL	64.74	-156.94	Galena
KWK	59.88	-163.17	Kwigillingok
SHG	66.89	-157.16	Shungnak
GKN	62.16	-145.45	Gulkana
GLV	64.55	-163.01	Golovin
GAM	63.77	-171.73	Gambell
GST	58.43	-135.71	Gustavus
NME	60.47	-164.70	Nightmute
SGY	59.46	-135.32	Skagway
HCR	62.19	-159.77	Holy Cross
HSL	65.70	-156.35	Huslia
HNS	59.24	-135.52	Haines
HOM	59.64	-151.48	Homer
HPB	61.52	-166.15	Hooper Bay
HUS	66.04	-154.26	Hughes
IGG	59.32	-155.90	Igiugig
EGX	58.18	-157.37	Egegik
IAN	66.98	-160.44	Kiana
ILI	59.75	-154.91	Iliamna
UTO	65.99	-153.70	Utopia Creek
WAA	65.62	-168.09	Wales
KCG	56.31	-158.37	Chignik
JNU	58.35	-134.57	Juneau
KGK	59.73	-157.26	Koliganek
KFP	54.85	-163.41	False Pass
AKK	56.94	-154.18	Akhiok
KPN	59.93	-164.03	Kipnuk
KKA	64.94	-161.15	Koyuk
AKN	58.68	-156.65	King Salmon
IKO	52.94	-168.85	Nikolski
AKP	68.13	-151.74	Anaktuvuk Pass
KTN	55.36	-131.71	Ketchikan
KAL	64.32	-158.74	Kaltag
KLW	55.58	-133.08	Klawock
KYK	57.57	-154.45	Karluk
KLN	57.54	-153.98	Larsen Bay
KLG	61.54	-160.34	Kalskag
PTA	60.20	-154.33	Port Alsworth
LUR	68.88	-166.11	Cape Lisburne
KMO	58.93	-158.90	Manokotak
MCG	62.95	-155.61	McGrath
LMA	63.89	-152.30	Minchumina
SMK	63.49	-162.11	St Michael
MLY	64.99	-150.64	Manley Hot Springs
MOU	62.10	-163.68	Mountain Village
MRI	61.21	-149.84	Anchorage
MYU	60.37	-166.27	Mekoryuk
WNA	60.69	-161.98	Napakiak
ANC	61.18	-149.99	Anchorage
ANI	61.58	-159.54	Aniak
NUL	64.73	-158.07	Nulato
ANV	62.65	-160.19	Anvik
KNW	59.45	-157.37	New Stuyahok
OBU	66.91	-156.90	Kobuk
HNH	58.10	-135.41	Hoonah
OME	64.51	-165.45	Nome
OOK	60.54	-165.09	Toksook Bay
ORT	62.96	-141.93	Northway
OTZ	66.88	-162.60	Kotzebue
NLG	56.01	-161.16	Nelson Lagoon
STG	56.58	-169.66	St George
KPV	55.91	-159.16	Perryville
PSG	56.80	-132.95	Petersburg
PTH	56.96	-158.63	Port Heiden
PKA	60.70	-161.78	Napaskiak
PTU	59.02	-161.83	Platinum
PIP	57.58	-157.57	Pilot Point
PHO	68.35	-166.80	Point Hope
KWN	59.76	-161.84	Quinhagak
NUI	70.21	-151.01	Nuiqsut
ARC	68.11	-145.58	Arctic Village
RSH	61.78	-161.32	Russian Mission
RBY	64.73	-155.47	Ruby
SVA	63.69	-170.49	Savoonga
SCC	70.19	-148.46	Deadhorse
SDP	55.31	-160.52	Sand Point
SHH	66.25	-166.09	Shishmaref
SIT	57.05	-135.36	Sitka
WLK	66.60	-159.99	Selawik
SLQ	61.70	-157.17	Sleetmute
KSM	62.06	-163.30	St Mary's
SNP	57.17	-170.22	St Paul Island
SOV	59.44	-151.71	Seldovia
TAL	65.17	-152.11	Tanana
TNC	65.56	-167.92	Tin City
TLA	65.24	-166.34	Teller
TOG	59.05	-160.40	Togiak Village
ATK	70.47	-157.44	Atqasuk
AUK	62.68	-164.72	Alakanuk
UNK	63.89	-160.80	Unalakleet
KQA	54.14	-165.60	Akutan
VAK	61.54	-165.60	Chevak
KVC	55.12	-162.27	King Cove
VDZ	61.13	-146.25	Valdez
VEE	67.01	-146.37	Venetie
KVL	67.73	-164.56	Kivalina
WBQ	66.36	-147.41	Beaver
WRG	56.48	-132.37	Wrangell
AIN	70.64	-159.99	Wainwright
WMO	64.69	-163.41	White Mountain
WTK	67.56	-162.98	Noatak
YAK	59.51	-139.66	Yakutat
AKI	60.90	-161.23	Akiak
AET	66.55	-152.62	Allakaket
NCN	60.08	-147.99	Chenega
CLP	58.83	-158.53	Clarks Point
ELI	64.61	-162.27	Elim
KUK	60.87	-162.52	Kasigluk
KNK	59.43	-154.80	Kokhanok
KOT	63.03	-163.53	Kotlik
KTS	65.33	-166.47	Brevig Mission
KYU	64.88	-157.73	Koyukuk
KWT	60.79	-161.44	Kwethluk
ORV	66.82	-161.02	Noorvik
SKK	64.37	-161.22	Shaktoolik
TKJ	63.33	-142.95	Tok
WSN	58.70	-157.01	South Naknek
FYU	66.57	-145.25	Fort Yukon
LMY	-7.01	141.49	Lake Murray
PGM	59.35	-151.83	Port Graham
ROP	14.17	145.24	Rota Island
SPN	15.12	145.73	I Fadang, Saipan
GUM	13.48	144.80	Hagåtña
TIQ	15.00	145.62	Tinian Island
HNM	20.80	-156.01	Hana
JHM	20.96	-156.67	Lahaina
KOA	19.74	-156.05	Kailua-Kona
LIH	21.97	-159.34	Lihue, Kauai
LUP	21.21	-156.97	Kalaupapa
MKK	21.15	-157.10	Kaunakakai
MUE	20.00	-155.67	Waimea (Kamuela)
HNL	21.32	-157.93	Honolulu, Oahu
LNY	20.79	-156.95	Lanai City
OGG	20.90	-156.43	Kahului
ITO	19.72	-155.05	Hilo
ENT	11.34	162.33	Eniwetok Atoll
MAJ	7.07	171.27	Majuro Atoll
KWA	8.72	167.73	Kwajalein
CXI	1.99	-157.35	Kiritimati
PIZ	69.73	-163.01	Point Lay
TKK	7.46	151.84	Weno Island
PNI	6.99	158.21	Pohnpei Island
ROR	7.37	134.54	Babelthuap Island
KSA	5.36	162.96	Okat
YAP	9.50	138.08	Yap Island
AWK	19.28	166.64	Wake Island
KIO	5.64	169.12	Kili Island
KNH	24.43	118.36	Shang-I
LZN	26.16	119.96	Matsu (Nangan)
TTT	22.75	121.10	Taitung City
KHH	22.58	120.35	Kaohsiung (Xiaogang)
CYI	23.46	120.39	Shuishang
KYD	22.03	121.54	Orchid Island
RMQ	24.26	120.62	Taichung (Qingshui)
MFK	26.22	120.00	Matsu (Beigan)
TNN	22.95	120.21	Tainan (Rende)
MZG	23.57	119.63	Huxi
TSA	25.07	121.55	Taipei (Songshan)
TPE	25.08	121.23	Taoyuan
HUN	24.02	121.62	Hualien City
RDV	61.79	-157.35	Red Devil
RHT	39.23	101.55	Badanjilin
NRT	35.77	140.39	Narita
MMJ	36.17	137.92	Matsumoto
IBR	36.18	140.41	Omitama
KIX	34.43	135.24	Osaka
SHM	33.66	135.36	Shirahama
UKB	34.63	135.22	Kobe
TJH	35.51	134.79	Toyooka
OBO	42.73	143.22	Obihiro
CTS	42.77	141.69	Sapporo
HKD	41.77	140.82	Hakodate
KUH	43.04	144.19	Kushiro
MMB	43.88	144.16	Ōzora
SHB	43.58	144.96	Nakashibetsu
OKD	43.12	141.38	Sapporo
WKJ	45.40	141.80	Wakkanai
AXJ	32.48	130.16	Amakusa
IKI	33.75	129.79	Iki
UBJ	33.93	131.28	Ube
TSJ	34.28	129.33	Tsushima
MBE	44.30	143.40	Monbetsu
AKJ	43.67	142.45	Higashikagura
OIR	42.07	139.43	Okushiri Island
RIS	45.24	141.19	Rishiri
KUM	30.39	130.66	Yakushima
FUJ	32.67	128.83	Goto
FUK	33.59	130.45	Fukuoka
TNE	30.61	130.99	Tanegashima
KOJ	31.80	130.72	Kagoshima
KMI	31.88	131.45	Miyazaki
OIT	33.48	131.74	Oita
KKJ	33.85	131.04	Kitakyushu
HSG	33.15	130.30	Saga
KMJ	32.84	130.85	Kumamoto
NGS	32.92	129.91	Nagasaki
NGO	34.86	136.80	Tokoname
ASJ	28.43	129.71	Amami
OKE	27.43	128.71	Wadomari
KKX	28.32	129.93	Kikai
TKN	27.84	128.88	Amagi
NKM	35.26	136.92	Nagoya
KMQ	36.39	136.41	Kanazawa
OKI	36.18	133.32	Okinoshima
FSZ	34.80	138.19	Makinohara / Shimada
TOY	36.65	137.19	Toyama
NTQ	37.29	136.96	Wajima
HIJ	34.44	132.92	Hiroshima
OKJ	34.76	133.85	Okayama
IZO	35.41	132.89	Izumo
YGJ	35.49	133.24	Yonago
IWK	34.15	132.25	Iwakuni
KCZ	33.55	133.67	Nankoku
MYJ	33.83	132.70	Matsuyama
ITM	34.78	135.44	Osaka
TTJ	35.53	134.17	Tottori
TKS	34.13	134.61	Tokushima
TAK	34.21	134.02	Takamatsu
IWJ	34.68	131.79	Masuda
AOJ	40.73	140.69	Aomori
GAJ	38.41	140.37	Higashine
SDS	38.06	138.41	Sado
FKS	37.23	140.43	Sukagawa
HNA	39.43	141.13	Hanamaki
AXT	39.62	140.22	Akita
MSJ	40.70	141.37	Misawa
KIJ	37.95	139.11	Niigata
ONJ	40.19	140.37	Kitaakita
SDJ	38.14	140.92	Natori
SYO	38.81	139.79	Shonai
HAC	33.11	139.79	Hachijojima
OIM	34.78	139.36	Izu Oshima
MYE	34.07	139.56	Miyakejima
HND	35.55	139.79	Tokyo
MWX	34.99	126.38	Muan (Piseo-ri)
KWJ	35.12	126.81	Gwangju
KUV	35.90	126.62	Gunsan
RSU	34.84	127.62	Yeosu
WJU	37.44	127.96	Wonju
YNY	38.06	128.67	Gonghang-ro
CJU	33.51	126.49	Jeju City
PUS	35.18	128.94	Busan
HIN	35.09	128.07	Sacheon
USN	35.59	129.35	Ulsan
ICN	37.47	126.45	Seoul
GMP	37.56	126.79	Seoul
KPO	35.99	129.42	Pohang
TAE	35.89	128.66	Daegu
CJJ	36.72	127.50	Cheongju
RMP	65.51	-150.14	Rampart
OKA	26.19	127.64	Naha
ISG	24.40	124.25	Ishigaki
UEO	26.36	126.71	Kumejima
MMD	25.85	131.26	Minamidaito
MMY	24.78	125.29	Miyakojima
AGJ	26.59	127.24	Aguni
KTD	25.94	131.33	Kitadaitōjima
SHI	24.83	125.14	Miyakojima
TRA	24.65	124.68	Tarama
RNJ	27.04	128.40	Yoron
OGN	24.47	122.98	Yonaguni
ENI	11.20	119.42	El Nido
SFS	14.79	120.27	Olongapo
CRK	15.19	120.56	Mabalacat
LAO	18.18	120.53	Laoag City
DRP	13.11	123.68	Legazpi
MNL	14.51	121.02	Manila (Pasay)
CYU	10.86	121.07	Cuyo
CBO	7.16	124.21	Datu Odin Sinsuat
DVO	7.13	125.65	Davao
BXU	8.95	125.48	Butuan
DPL	8.60	123.34	Dipolog
CGM	9.25	124.71	Mambajao
JOL	6.05	121.01	Jolo
TWT	5.05	119.74	Bongao
OZC	8.18	123.84	Ozamiz
PAG	7.83	123.46	Pagadian
GES	6.06	125.10	General Santos
SUG	9.76	125.48	Surigao City
CGY	8.61	124.46	Laguindingan
ZAM	6.92	122.06	Zamboanga
IAO	9.86	126.01	Del Carmen
TAG	9.57	123.77	Panglao
SWL	10.52	119.27	San Vicente
SJI	12.36	121.05	San Jose
WNP	13.58	123.27	Naga
BSO	20.45	121.98	Basco
TUG	17.64	121.73	Tuguegarao City
VRC	13.58	124.21	Virac
CYZ	16.93	121.75	Cauayan City
TAC	11.23	125.03	Tacloban City
BCD	10.78	123.02	Bacolod City
CYP	12.07	124.55	Calbayog City
DGT	9.33	123.30	Dumaguete City
MPH	11.92	121.95	Caticlan
CRM	12.50	124.64	Catarman
ILO	10.83	122.49	Cabatuan
MBT	12.37	123.63	Masbate
KLO	11.68	122.38	Kalibo
CEB	10.31	123.98	Cebu City/Lapu-Lapu City
PPS	9.74	118.76	Puerto Princesa
RXS	11.60	122.75	Roxas City
TBH	12.31	122.08	Tablas Island
USU	12.12	120.10	Coron
RSI	25.63	37.09	Hanak
TKM	56.36	114.93	Taksimo
MJY	58.18	94.75	Motygino
KVK	67.46	33.59	Apatity
LPS	48.48	-122.94	Lopez
PRA	-31.79	-60.48	Parana
ROS	-32.90	-60.78	Rosario
SFN	-31.71	-60.81	Santa Fe
AEP	-34.56	-58.42	Buenos Aires
COR	-31.31	-64.21	Cordoba
EZE	-34.82	-58.54	Buenos Aires (Ezeiza)
MDZ	-32.83	-68.79	Mendoza
AFA	-34.59	-68.40	San Rafael
CTC	-28.59	-65.75	Catamarca
SDE	-27.77	-64.31	Santiago del Estero
IRJ	-29.38	-66.80	La Rioja
RHD	-27.50	-64.94	Termas de Río Hondo
TUC	-26.84	-65.10	San Miguel de Tucumán
UAQ	-31.57	-68.42	San Juan
LUQ	-33.27	-66.36	San Luis
CNQ	-27.45	-58.76	Corrientes
RES	-27.45	-59.06	Resistencia
FMA	-26.21	-58.23	Formosa
IGR	-25.74	-54.47	Puerto Iguazu
PSS	-27.39	-55.97	Posadas
SLA	-24.86	-65.49	Salta
JUJ	-24.39	-65.10	San Salvador de Jujuy
CRD	-45.79	-67.46	Comodoro Rivadavia
EQS	-42.91	-71.14	Esquel
LHS	-46.54	-68.97	Las Heras
OES	-40.75	-65.03	San Antonio Oeste
REL	-43.21	-65.27	Rawson
VDM	-40.87	-63.00	Viedma / Carmen de Patagones
PMY	-42.76	-65.10	Puerto Madryn
FTE	-50.28	-72.05	El Calafate
PUD	-47.74	-65.90	Puerto Deseado
RGA	-53.78	-67.75	Rio Grande
RGL	-51.61	-69.31	Rio Gallegos
USH	-54.84	-68.30	Ushuaia
PMQ	-46.54	-70.98	Perito Moreno
GGS	-48.78	-70.15	Gobernador Gregores
RYO	-51.60	-72.22	Rio Turbio
BHI	-38.73	-62.17	Bahía Blanca
SST	-36.54	-56.72	Santa Teresita
MDQ	-37.93	-57.57	Mar del Plata
NQN	-38.95	-68.16	Neuquén
NEC	-38.49	-58.82	Necochea
RSA	-36.59	-64.28	Santa Rosa
BRC	-41.15	-71.16	San Carlos de Bariloche
CPC	-40.08	-71.14	Chapelco/San Martin de los Andes
JTC	-22.16	-49.07	Bauru
AQA	-21.81	-48.13	Araraquara
AJU	-10.98	-37.07	Aracaju
AFL	-9.87	-56.11	Alta Floresta
ARU	-21.14	-50.42	Araçatuba
AAX	-19.56	-46.96	Araxá
BEL	-1.38	-48.48	Belém
BSB	-15.87	-47.92	Brasília
BVB	2.85	-60.69	Boa Vista
CAC	-25.00	-53.50	Cascavel
CFB	-22.92	-42.07	Cabo Frio
CNF	-19.64	-43.97	Belo Horizonte
CGR	-20.47	-54.67	Campo Grande
XAP	-27.13	-52.66	Chapecó
CKS	-6.12	-50.00	Parauapebas
CLV	-17.73	-48.61	Caldas Novas
CAW	-21.70	-41.30	Campos dos Goytacazes
CMG	-19.01	-57.67	Corumbá
CWB	-25.53	-49.18	Curitiba
CXJ	-29.20	-51.19	Caxias Do Sul
CGB	-15.65	-56.12	Cuiabá
CZS	-7.60	-72.77	Cruzeiro Do Sul
BYO	-21.25	-56.45	Bonito
PPB	-22.18	-51.42	Presidente Prudente
MAO	-3.04	-60.05	Manaus
IGU	-25.59	-54.49	Foz do Iguaçu
FLN	-27.67	-48.55	Florianópolis
FEN	-3.85	-32.42	Fernando de Noronha
FOR	-3.78	-38.53	Fortaleza
GIG	-22.81	-43.25	Rio De Janeiro
GYN	-16.63	-49.22	Goiânia
GRU	-23.43	-46.47	São Paulo
GVR	-18.90	-41.98	Governador Valadares
ATM	-3.25	-52.25	Altamira
ITB	-4.24	-56.00	Itaituba
IOS	-14.82	-39.03	Ilhéus
IPN	-19.47	-42.49	Ipatinga
IMP	-5.53	-47.46	Imperatriz
JJG	-28.68	-49.06	Jaguaruna
JJD	-2.91	-40.36	Cruz
JDF	-21.79	-43.39	Juiz de Fora
JPR	-10.87	-61.85	Ji-Paraná
JPA	-7.15	-34.95	João Pessoa
JDO	-7.22	-39.27	Juazeiro do Norte
JOI	-26.22	-48.80	Joinville
CPV	-7.27	-35.90	Campina Grande
VCP	-23.01	-47.13	Campinas
LEC	-12.48	-41.28	Lençóis
LAJ	-27.78	-50.28	Lages
LDB	-23.33	-51.13	Londrina
MAB	-5.37	-49.14	Marabá
MGF	-23.48	-52.02	Maringá
MOC	-16.71	-43.82	Montes Claros
MII	-22.20	-49.93	Marília
MCZ	-9.51	-35.79	Maceió
MCP	0.05	-51.07	Macapá
MVF	-5.20	-37.36	Mossoró
MNX	-5.81	-61.28	Manicoré
NVT	-26.88	-48.65	Navegantes
GEL	-28.28	-54.17	Santo Ângelo
POA	-29.99	-51.17	Porto Alegre
PHB	-2.89	-41.73	Parnaíba
PFB	-28.24	-52.33	Passo Fundo
PGZ	-25.18	-50.14	Ponta Grossa
PMW	-10.29	-48.36	Palmas
PET	-31.72	-52.33	Pelotas
PNZ	-9.36	-40.57	Petrolina
PTO	-26.22	-52.69	Pato Branco
PMG	-22.55	-55.70	Ponta Porã
BPS	-16.44	-39.08	Porto Seguro
PVH	-8.71	-63.90	Porto Velho
RBR	-9.87	-67.89	Rio Branco
ROO	-16.58	-54.72	Rondonópolis
REC	-8.13	-34.92	Recife
SDU	-22.91	-43.16	Rio de Janeiro
RAO	-21.13	-47.77	Ribeirão Preto
NAT	-5.77	-35.37	Natal
OPS	-11.89	-55.59	Sinop
SJK	-23.23	-45.86	São José Dos Campos
SLZ	-2.59	-44.24	São Luís
RIA	-29.71	-53.69	Santa Maria
STM	-2.42	-54.79	Santarém
SMT	-12.48	-55.67	Sorriso
CGH	-23.63	-46.65	São Paulo
SJP	-20.82	-49.41	São José do Rio Preto
SSA	-12.91	-38.32	Salvador
TMT	-1.49	-56.40	Oriximiná
UNA	-15.35	-39.00	Una
TOW	-24.69	-53.70	Toledo
THE	-5.06	-42.82	Teresina
TFF	-3.38	-64.72	Tefé
TJL	-20.75	-51.68	Três Lagoas
TBT	-4.26	-69.94	Tabatinga
TUR	-3.79	-49.72	Tucuruí
SJL	-0.15	-66.99	São Gabriel da Cachoeira
PAV	-9.40	-38.25	Paulo Afonso
URG	-29.78	-57.04	Uruguaiana
UDI	-18.88	-48.23	Uberlândia
UBA	-19.77	-47.96	Uberaba
BVH	-12.69	-60.10	Vilhena
VIX	-20.26	-40.28	Vitória
IZA	-21.51	-43.17	Juiz de Fora
ARI	-18.35	-70.34	Arica
CPO	-27.26	-70.78	Copiapo
BBA	-45.92	-71.69	Balmaceda
CJC	-22.50	-68.90	Calama
PUQ	-53.00	-70.85	Punta Arenas
IQQ	-20.54	-70.18	Iquique
SCL	-33.39	-70.79	Santiago
ESR	-26.31	-69.77	El Salvador
ANF	-23.45	-70.45	Antofagasta
CCP	-36.77	-73.06	Concepcion
IPC	-27.17	-109.42	Isla De Pascua
ZOS	-40.61	-73.06	Osorno
PNT	-51.67	-72.53	Puerto Natales
ZPC	-39.29	-71.92	Pucon
MHC	-42.34	-73.72	Dalcahue
ZCO	-38.93	-72.65	Temuco
LSC	-29.92	-71.20	La Serena-Coquimbo
PMC	-41.44	-73.09	Puerto Montt
ZAL	-39.65	-73.09	Valdivia
SOD	-23.48	-47.49	Sorocaba
OCC	-0.46	-76.99	Coca
CUE	-2.89	-78.98	Cuenca
GPS	-0.45	-90.27	Isla Baltra
GYE	-2.16	-79.88	Guayaquil
IBB	-0.94	-90.95	Puerto Villamil
LTX	-0.91	-78.62	Latacunga
XMS	-2.30	-78.12	Macas
MEC	-0.95	-80.68	Manta
UIO	-0.13	-78.35	Quito
ETR	-3.44	-80.00	Santa Rosa
SNC	-2.21	-80.99	Salinas/La Libertad
SCY	-0.91	-89.62	Puerto Baquerizo Moreno
LOH	-4.00	-79.37	La Toma (Catamayo)
ESM	0.98	-79.63	Tachina
TUA	0.81	-77.71	Tulcán
PSY	-51.69	-57.78	Stanley
ASU	-25.24	-57.52	Asunción
ENO	-27.23	-55.84	Encarnación
AGT	-25.46	-54.84	Ciudad del Este
AXM	4.45	-75.77	Armenia
PUU	0.51	-76.50	Puerto Asís
BGA	7.13	-73.18	Bucaramanga
BOG	4.70	-74.15	Bogota
BAQ	10.89	-74.78	Barranquilla
BSC	6.20	-77.39	Bahía Solano
BUN	3.82	-76.99	Buenaventura
CUC	7.93	-72.51	Cúcuta
CTG	10.44	-75.51	Cartagena
CLO	3.54	-76.38	Cali
TCO	1.81	-78.75	Tumaco
CZU	9.33	-75.29	Corozal
EJA	7.02	-73.81	Barrancabermeja
FLA	1.59	-75.56	Florencia
GPI	2.57	-77.90	Guapi
IBE	4.42	-75.13	Ibagué
IPI	0.86	-77.67	Ipiales
APO	7.81	-76.72	Carepa
LQM	-0.18	-74.77	Puerto Leguízamo
LPD	-1.32	-69.58	La Pedrera
LET	-4.19	-69.94	Leticia
EOH	6.22	-75.59	Medellín
MTR	8.82	-75.83	Montería
MVP	1.25	-70.23	Mitú
MZL	5.03	-75.46	Manizales
LMC	2.18	-73.79	La Macarena
NQU	5.71	-77.26	Nuquí
NVA	2.95	-75.29	Neiva
PCR	6.18	-67.49	Puerto Carreño
PDA	3.85	-67.91	Puerto Inírida
PEI	4.81	-75.74	Pereira
PPN	2.45	-76.61	Popayán
PSO	1.40	-77.29	Chachagüí
PVA	13.36	-81.36	Providencia
TCD	-2.90	-69.75	Tarapacá
MDE	6.16	-75.42	Medellín
RCH	11.53	-72.93	Riohacha
RVE	6.95	-71.86	Saravena
SJE	2.58	-72.64	San José Del Guaviare
SMR	11.12	-74.23	Santa Marta
ADZ	12.58	-81.71	San Andrés
SVI	2.15	-74.77	San Vicente Del Caguán
TLU	9.51	-75.59	Santiago de Tolú
TME	6.45	-71.76	Tame
AUC	7.07	-70.74	Arauca
UIB	5.69	-76.64	Quibdó
VUP	10.44	-73.25	Valledupar
VVC	4.17	-73.61	Villavicencio
EYP	5.32	-72.38	Yopal
SRE	-19.25	-65.15	Sucre
CBB	-17.42	-66.18	Cochabamba
CIJ	-11.04	-68.78	Cobija
SRZ	-17.81	-63.17	Santa Cruz
GYA	-10.89	-65.38	Guayaramerín
CCA	-16.98	-65.15	Chimore
LPB	-16.51	-68.19	La Paz / El Alto
ORU	-17.96	-67.08	Oruro
PUR	-11.11	-67.55	Puerto Rico/Manuripi
PSZ	-18.98	-57.82	Puerto Suárez
RIB	-11.01	-66.08	Riberalta
RBQ	-14.43	-67.50	Rurrenabaque
TJA	-21.56	-64.70	Tarija
TDD	-14.82	-64.92	Trinidad
UYU	-20.44	-66.86	Quijarro
VVI	-17.64	-63.14	Santa Cruz
DRJ	4.11	-54.67	Drietabbetje
PBM	5.45	-55.19	Paramaribo
MOJ	5.61	-54.40	Moengo
AGI	5.84	-56.67	Wageningen
ORG	5.81	-55.19	Paramaribo
BRA	-12.08	-45.01	Barreiras
JPE	-3.02	-47.32	Paragominas
GUZ	-20.65	-40.49	Guarapari
SET	-8.06	-38.33	Serra Talhada
CAU	-8.28	-36.01	Caruaru
OPP	-0.70	-47.34	Salinópolis
VAL	-13.30	-38.99	Valença
BVS	-1.64	-50.44	Breves
GGF	-1.48	-52.58	Almeirim
PYT	-17.24	-46.88	Paracatu
CAY	4.82	-52.36	Matoury
MPY	3.66	-54.04	Maripasoula
LDX	5.48	-54.03	Saint-Laurent-du-Maroni
PCL	-8.38	-74.57	Pucallpa
CHM	-9.15	-78.52	Chimbote
CIX	-6.79	-79.83	Chiclayo
AYP	-13.15	-74.20	Ayacucho
ANS	-13.71	-73.35	Andahuaylas
LIM	-12.02	-77.11	Lima
JAE	-5.59	-78.77	Jaén
JAU	-11.78	-75.47	Jauja
JUL	-15.47	-70.16	Juliaca
CJA	-7.14	-78.49	Cajamarca
ILQ	-17.70	-71.34	Ilo
TBP	-3.55	-80.38	Tumbes
YMS	-5.89	-76.12	Yurimaguas
HUU	-9.88	-76.20	Huánuco
CHH	-6.20	-77.86	Chachapoyas
IQT	-3.78	-73.31	Iquitos
AQP	-16.34	-71.57	Arequipa
TRU	-8.08	-79.11	Trujillo
TPP	-6.51	-76.37	Tarapoto
TCQ	-18.05	-70.28	Tacna
PEM	-12.61	-69.23	Puerto Maldonado
PIU	-5.21	-80.62	Piura
TYL	-4.58	-81.25	Talara
NZC	-14.85	-74.96	Nazca
CUZ	-13.54	-71.94	Cusco
EAX	5.86	-55.19	Kwatta
SRL	27.09	-112.10	Mulegé
SRV	61.79	-156.59	Stony River
CEL	-29.37	-50.83	Canela
FBE	-26.06	-53.06	Francisco Beltrão
GGJ	-24.08	-54.19	Guaíra
OAL	-11.50	-61.45	Cacoal
UMU	-23.80	-53.31	Umuarama
UVI	-26.23	-51.07	União da Vitória
SRA	-27.91	-54.52	Santa Rosa
PDP	-34.86	-55.09	Punta del Este
MVD	-34.84	-56.03	Ciudad de la Costa
RVY	-30.97	-55.48	Rivera/Santana do Livramento
BLA	10.11	-64.69	Barcelona
BNS	8.62	-70.21	Barinas
BRM	10.04	-69.36	Barquisimeto
CAJ	6.23	-62.85	Canaima
CUP	10.66	-63.26	Carúpano
CZE	11.41	-69.68	Coro
CUM	10.45	-64.13	Cumaná
ICC	10.79	-63.98	Isla de Coche
LSP	11.78	-70.15	Paraguaná
MAR	10.56	-71.73	Maracaibo
PMV	10.91	-63.97	Isla Margarita
CCS	10.60	-66.99	Maiquetía
MUN	9.75	-63.15	Maturín
PZO	8.29	-62.76	Guyana City
LRV	11.95	-66.67	Gran Roque Island
SVS	66.02	-149.06	Stevens Village
SVZ	7.84	-72.44	San Antonio del Tachira
SNV	4.55	-61.15	Santa Elena de Uairén
STD	7.57	-72.04	Santo Domingo
SOM	8.95	-64.15	El Tigre
VLN	10.15	-67.93	Valencia
VIG	8.62	-71.67	El Vigía
VLV	9.34	-70.58	Valera
BAZ	-0.98	-62.92	Barcelos
RBB	-4.41	-59.60	Borba
CAF	-4.87	-66.90	Carauari
AUX	-7.23	-48.24	Araguaína
LBR	-7.28	-64.77	Lábrea
IRZ	-0.38	-64.99	Santa Isabel do Rio Negro
TGQ	-14.66	-57.44	Tangará da Serra
SXP	62.52	-164.85	Nunam Iqua
GEO	6.50	-58.25	Georgetown
OGL	6.81	-58.11	Ogle
KAI	5.18	-59.49	Kaieteur Falls
LTM	3.37	-59.79	Lethem
ANU	17.14	-61.79	Osbourn
BGI	13.07	-59.49	Bridgetown
TCT	62.99	-156.03	Takotna
DCF	15.34	-61.39	Canefield
DOM	15.55	-61.30	Marigot
DSD	16.30	-61.08	Grande Anse
BBR	16.01	-61.74	Basse-Terre
SFC	16.26	-61.26	St-François
FDF	14.59	-61.00	Fort-de-France
SFG	18.10	-63.05	Grand Case
SBH	17.90	-62.84	Gustavia
GBJ	15.87	-61.27	Grand-Bourg
PTP	16.27	-61.53	Pointe-à-Pitre
GND	12.00	-61.79	Saint George's
CRU	12.48	-61.47	Carriacou Island
STT	18.34	-64.98	Charlotte Amalie
STX	17.70	-64.80	Christiansted
BQN	18.49	-67.13	Aguadilla
CPX	18.31	-65.30	Culebra
SIG	18.46	-66.10	San Juan
MAZ	18.26	-67.15	Mayaguez
PSE	18.01	-66.56	Ponce
NRR	18.25	-65.64	Ceiba
SJU	18.44	-66.00	San Juan
VQS	18.13	-65.49	Vieques
SKB	17.31	-62.72	Basseterre
NEV	17.21	-62.59	Charlestown
SLU	14.02	-60.99	Castries
UVF	13.73	-60.95	Vieux Fort
TLT	61.09	-160.92	Tuluksak
BKN	39.68	54.21	Balkanabat
AUA	12.50	-70.01	Oranjestad
BON	12.13	-68.27	Kralendijk
CUR	12.19	-68.96	Willemstad
EUX	17.50	-62.98	Oranjestad
SXM	18.04	-63.11	Sint Maarten
SAB	17.65	-63.22	Zion's Hill
AXA	18.20	-63.05	The Valley
MNI	16.79	-62.19	Gerald's Park
TAB	11.15	-60.83	Scarborough
POS	10.60	-61.34	Port of Spain
EIS	18.45	-64.54	Beef Island
VIJ	18.45	-64.43	Spanish Town
SVD	13.16	-61.15	Kingstown
BQU	12.99	-61.26	Bequia
CIW	12.70	-61.34	Canouan
MQS	12.89	-61.18	Lovell
UNI	12.60	-61.41	Union Island
TWC	39.89	79.23	Tumxuk
BDA	32.36	-64.68	Hamilton
ALA	43.35	77.04	Almaty
BXH	46.89	75.00	Balkhash
USJ	46.19	80.83	Usharal
TDK	45.12	78.44	Taldykorgan
NQZ	51.03	71.47	Astana
KOV	53.33	69.59	Kokshetau
PPK	54.78	69.19	Petropavl
DMB	42.85	71.30	Taraz
BSZ	43.06	74.48	Bishkek
OSS	40.61	72.79	Osh
IKG	42.51	78.41	Karakol
CIT	42.37	69.48	Shymkent
HSA	43.31	68.55	Turkıstan
DZN	47.71	67.74	Zhezkazgan
KGF	49.67	73.33	Karaganda
BXY	45.62	63.21	Baikonur
KZO	44.71	65.59	Kyzylorda
URA	51.15	51.54	Uralsk
UKK	50.04	82.50	Ust-Kamenogorsk (Oskemen)
PWQ	52.19	77.07	Pavlodar
PLX	50.35	80.23	Semey
SZI	47.49	84.89	Zaysan
SCO	43.86	51.09	Aktau
GUW	47.12	51.82	Atyrau
AKX	50.25	57.20	Aktobe
KSN	53.21	63.55	Kostanay
GYD	40.47	50.05	Baku
GNJ	40.74	46.32	Ganja
LLK	38.76	48.81	Lankaran
NAJ	39.19	45.46	Nakhchivan
GBB	40.81	47.73	Gabala
LHL	39.88	46.36	Lachin
IKU	42.59	76.70	Tamchy
LWN	40.75	43.86	Gyumri
EVN	40.15	44.40	Yerevan
BQJ	67.65	134.70	Batagay
SUK	67.79	130.39	Batagay-Alyta
UKG	70.01	135.65	Ust-Kuyga
YKS	62.09	129.77	Yakutsk
NER	56.91	124.91	Neryungri
MQJ	66.45	143.26	Khonuu
OLZ	60.40	120.48	Olyokminsk
USR	64.55	143.12	Ust-Nera
UMS	60.36	134.44	Ust-Maya
VHV	63.46	120.27	Verkhnevilyuisk
SUY	62.19	117.64	Suntar
VYI	63.76	121.69	Vilyuisk
ULK	60.72	114.83	Lensk
PYJ	66.40	112.03	Yakutia
MJZ	62.53	114.04	Mirny
SYS	71.93	114.08	Saskylakh
SEK	67.48	153.74	Srednekolymsk
CKH	70.62	147.90	Chokurdah
CYX	68.74	161.34	Cherskiy
IKS	71.70	128.90	Tiksi
ZKP	65.75	150.89	Zyryanka
ZIX	66.80	123.36	Zhigansk
KXO	-1.28	29.72	Kisoro
KHX	-0.72	29.70	Kihihi
KUT	42.18	42.49	Kopitnari
BUS	41.61	41.60	Batumi
SUI	42.86	41.13	Sukhumi
TBS	41.67	44.95	Tbilisi
BQS	50.43	127.42	Blagoveschensk
KHV	48.53	135.19	Khabarovsk
KXK	50.41	136.93	Komsomolsk-on-Amur
DYR	64.73	177.74	Anadyr
KPW	67.85	166.14	Keperveem
GDX	59.91	150.72	Magadan
KVM	64.67	170.42	Markovo
PWE	69.78	170.60	Apapelgino
BQG	52.38	140.45	Bogorodskoye
NLI	53.15	140.65	Nikolayevsk-na-Amure Airport
OHO	59.41	143.06	Okhotsk
PKC	53.17	158.45	Petropavlovsk-Kamchatsky
ITU	45.26	147.96	Kurilsk
EKS	49.19	142.08	Shakhtyorsk
DEE	43.96	145.68	Yuzhno-Kurilsk
NGK	51.78	143.14	Nogliki
UUS	46.89	142.72	Yuzhno-Sakhalinsk
TLY	44.81	136.29	Plastun
VVO	43.40	132.15	Artyom
HTA	52.02	113.31	Chita
BTK	56.37	101.70	Bratsk
IKT	52.27	104.40	Irkutsk
ODO	57.87	114.24	Bodaybo
UKX	56.86	105.73	Ust-Kut
NZG	55.80	109.60	Nizhneangarsk
UUD	51.81	107.44	Ulan Ude
ARH	64.60	40.72	Archangelsk
LDG	64.90	45.72	Leshukonskoye
NNM	67.64	53.12	Naryan Mar
CSH	65.03	35.73	Solovetsky Islands
AMV	69.76	61.56	Amderma
KSZ	61.24	46.70	Kotlas
LED	59.80	30.26	St. Petersburg
MMK	68.78	32.75	Murmansk
PKV	57.78	28.39	Pskov
PES	61.89	34.15	Petrozavodsk
CEE	59.27	38.02	Cherepovets
VUS	60.79	46.26	Velikiy Ustyug
BQT	52.11	23.90	Brest
GME	52.53	31.02	Gomel
KGD	54.89	20.60	Kaliningrad
MSQ	53.89	28.04	Minsk
MVQ	53.95	30.10	Mogilev
ABA	53.74	91.39	Abakan
BAX	53.36	83.54	Barnaul
KEJ	55.27	86.11	Kemerovo
EIE	58.47	92.11	Yeniseysk
VEO	60.37	93.01	Severo-Yeniseysk
GOY	64.33	100.43	Tura
VAQ	60.36	102.31	Vanavara
KJA	56.18	92.49	Krasnoyarsk
KCY	56.18	92.55	Krasnoyarsk
KYZ	51.67	94.40	Kyzyl
OVB	55.02	82.62	Novosibirsk
OMS	54.96	73.31	Omsk
TOF	56.38	85.21	Tomsk
NOZ	53.81	86.88	Novokuznetsk
HTG	71.98	102.49	Khatanga
IAA	67.44	86.62	Igarka
NSK	69.31	87.33	Norilsk
THX	65.80	87.94	Turukhansk
GDZ	44.58	38.01	Gelendzhik
KRR	45.03	39.17	Krasnodar
GRV	43.39	45.70	Grozny
MCX	42.82	47.65	Makhachkala
MRV	44.23	43.08	Mineralnyye Vody
NAL	43.51	43.64	Nalchik
OGZ	43.21	44.61	Beslan
IGT	43.32	45.01	Sunzha
STW	45.11	42.11	Stavropol
AER	43.45	39.96	Sochi
ASF	46.28	48.01	Astrakhan
ESL	46.37	44.33	Elista
VOG	48.78	44.34	Volgograd
PQS	61.96	-162.94	Pilot Station
CEK	55.30	61.50	Chelyabinsk
MQF	53.39	58.76	Magnitogorsk
SBT	71.22	72.05	Sabetta
BVJ	70.32	68.33	Bovanenkovo
SLY	66.59	66.61	Salekhard
HMA	61.03	69.09	Khanty-Mansiysk
NYA	62.11	65.61	Nyagan
EYK	63.69	66.70	
OVS	61.33	63.60	Sovetskiy
URJ	60.10	64.83	Uray
IJK	56.83	53.46	Izhevsk
KVX	58.50	49.35	Kirov
NYM	65.48	72.70	Nadym
NUX	66.07	76.52	Novy Urengoy
NJC	60.95	76.48	Nizhnevartovsk
PEE	57.91	56.02	Perm
KGP	62.19	74.53	Kogalym
NOJ	63.18	75.27	Noyabrsk
SGC	61.34	73.41	Surgut
SVX	56.74	60.80	Yekaterinburg
RMZ	58.06	68.35	Tobolsk
TJM	57.18	65.33	Tyumen
KRO	55.48	65.42	Kurgan
ASB	37.99	58.36	Ashgabat
KRW	40.06	53.01	Turkmenbaşy
MYP	37.62	61.90	Mary
TAZ	41.76	59.84	Daşoguz
CRZ	38.93	63.56	Türkmenabat
DYU	38.54	68.82	Dushanbe
TJU	37.99	69.81	Kulob
LBD	40.22	69.69	Khujand
KQT	37.87	68.86	Bokhtar
NMA	40.98	71.56	Namangan
AZN	40.73	72.29	Andijan
FEG	40.36	71.75	Fergana
NCU	42.49	59.62	Nukus
UGC	41.58	60.64	Urgench
NVI	40.12	65.17	Navoi
BHK	39.78	64.48	Bukhara
KSQ	38.80	65.77	Karshi
SKD	39.70	66.98	Samarkand
TMJ	37.29	67.31	Termez
TVT	41.31	69.40	Tashkent
TAS	41.26	69.28	Tashkent
OMN	40.01	68.41	Zomin
KMW	57.80	41.02	Kostroma
IWA	56.94	40.94	Ivanovo
ZIA	55.55	38.15	Moscow
DME	55.41	37.91	Moscow
IAR	57.56	40.16	Tunoshna
SVO	55.98	37.41	Moscow
VOZ	51.81	39.23	Voronezh
VKO	55.59	37.26	Moscow
UCT	63.57	53.80	Ukhta
PEX	65.12	57.13	Pechora
USK	66.00	57.37	Usinsk
VKT	67.49	63.99	Vorkuta
SCW	61.65	50.85	Syktyvkar
GOJ	56.23	43.79	Nizhny Novgorod
UUA	54.64	52.80	Bugulma
KZN	55.61	49.28	Kazan
NBC	55.56	52.09	Nizhnekamsk
CSY	56.09	47.35	Cheboksary
ULV	54.27	48.23	Ulyanovsk
ULY	54.40	48.80	Cherdakly
REN	51.79	55.46	Orenburg
OSW	51.07	58.60	Orsk
PEZ	53.11	45.02	Penza
SKX	54.13	45.21	Saransk
BWO	51.86	47.75	Balakovo
GSV	51.71	46.17	Saratov
UFA	54.56	55.87	Ufa
KUF	53.50	50.16	Samara
UZR	47.09	81.67	Urzhar
REW	24.50	81.22	Rewa
DIU	20.71	70.92	Diu
GDB	21.53	80.29	Gondia
AMD	23.08	72.63	Ahmedabad
IXU	19.86	75.40	Aurangabad
BOM	19.09	72.87	Mumbai
BHJ	23.29	69.67	Bhuj
IXG	15.86	74.62	Belgaum
BDQ	22.34	73.23	Vadodara
BHO	23.29	77.34	Bhopal
BHU	21.75	72.19	Bhavnagar
HBX	15.36	75.08	Hubballi
HSR	22.38	71.04	Rajkot
IDR	22.72	75.80	Indore
JLR	23.18	80.05	Jabalpur
JLG	20.96	75.63	Jalgaon
JGA	22.47	70.01	Jamnagar
IXY	23.11	70.10	Kandla
HJR	24.82	79.92	Khajuraho
KLH	16.66	74.29	Kolhapur
IXK	21.32	70.27	Keshod
LTU	18.41	76.46	Latur
NDC	19.18	77.32	Nanded
NAG	21.09	79.05	Nagpur
ISK	20.12	73.91	Nashik
PNQ	18.58	73.92	Pune
PBD	21.65	69.66	Porbandar
RPR	21.18	81.74	Raipur
SAG	19.69	74.37	Kakadi
STV	21.12	72.74	Surat
UDR	24.62	73.90	Udaipur
CMB	7.18	79.88	Colombo
BTC	7.71	81.68	Batticaloa
RML	6.82	79.89	Colombo
JAF	9.79	80.07	Jaffna
KCT	5.99	80.32	Galle
TRR	8.54	81.18	Trincomalee
HRI	6.28	81.12	Mattala
BBM	13.10	103.22	Battambang
SAI	13.37	104.22	Siem Reap
KOS	10.57	103.63	Preah Sihanouk
IXA	23.89	91.24	Agartala
IXB	26.68	88.33	Siliguri
SHL	25.70	91.98	Shillong
VNS	25.45	82.86	Varanasi
BBI	20.25	85.81	Bhubaneswar
PAB	21.99	82.11	Bilaspur
CCU	22.65	88.45	Kolkata
RDP	23.62	87.24	Durgapur
DBR	26.19	85.92	Darbhanga
DGH	24.45	86.70	Deoghar
GOP	26.74	83.45	Gorakhpur
GAU	26.11	91.59	Guwahati
GAY	24.74	84.95	Gaya
IMF	24.76	93.90	Imphal
JRG	21.91	84.05	
JRH	26.73	94.18	Jorhat
IXS	24.91	92.98	Silchar
AJL	23.84	92.62	Aizawl (Lengpui)
IXI	27.30	94.10	Lilabari
DIB	27.48	95.02	Dibrugarh
DMU	25.88	93.77	Dimapur
PAT	25.59	85.09	Patna
IXR	23.31	85.32	Ranchi
TEZ	26.71	92.78	
UKE	20.10	83.18	Bhawanipatna
BZL	22.80	90.30	Barisal
CXB	21.46	91.96	Cox's Bazar
CGP	22.25	91.81	Chattogram (Chittagong)
DAC	23.84	90.40	Dhaka
JSR	23.18	89.16	Jashore (Jessore)
RJH	24.44	88.62	Rajshahi
SPD	25.76	88.91	Saidpur
ZYL	24.96	91.86	Sylhet
HKG	22.31	113.91	Hong Kong
AGR	27.16	77.96	Agra
IXD	25.44	81.73	Allahabad
ATQ	31.71	74.80	Amritsar
AIP	31.43	75.76	Adampur
KUU	31.88	77.15	Bhuntar
BEK	28.42	79.45	Bareilly
IXC	30.67	76.79	Chandigarh
KNU	26.40	80.41	Kanpur
DED	30.19	78.18	Dehradun (Jauligrant)
DEL	28.56	77.10	New Delhi
HDO	28.71	77.36	Ghaziabad
DHM	32.16	76.26	Kangra
GWL	26.29	78.23	Gwalior
HSS	29.19	75.74	Hisar
HWR	30.75	75.63	Halwara
JDH	26.25	73.05	Jodhpur
JAI	26.82	75.81	Jaipur
JSA	26.89	70.86	
IXJ	32.69	74.84	Jammu
KQH	26.59	74.81	Ajmer (Kishangarh)
IXL	34.14	77.55	Leh
LKO	26.76	80.89	Lucknow
MZS	28.82	78.92	Moradabad
IXP	32.23	75.63	Pathankot
PGH	29.03	79.47	Pantnagar
SXR	33.99	74.77	Srinagar
VSV	27.50	82.03	Shravasti
LPQ	19.90	102.17	Luang Phabang
LXG	20.97	101.40	Luang Namtha
ODY	20.68	101.99	Oudomsay
PKZ	15.13	105.78	Pakse
VTE	17.99	102.57	Vientiane
XKH	19.45	103.16	Xieng Khouang
MFM	22.15	113.59	Nossa Senhora do Carmo
BHR	27.68	84.43	Bharatpur
BWA	27.50	83.41	Siddharthanagar (Bhairahawa)
BDP	26.57	88.08	Bhadrapur
DOP	28.99	82.82	Dolpa
SIH	29.26	80.94	Silgadi Doti
JUM	29.27	82.19	Jumla
JKR	26.71	85.92	Janakpur
JMO	28.78	83.72	Jomsom
KTM	27.70	85.36	Kathmandu
LUA	27.69	86.73	Lukla
KEP	28.10	81.67	Nepalgunj
PKR	28.20	83.98	Pokhara
SIF	27.16	84.98	Simara
SKH	28.59	81.64	Surkhet
IMK	29.97	81.82	Simikot
TPJ	27.35	87.70	Taplejung
TMI	27.32	87.19	Tumling Tar
BIR	26.48	87.26	Biratnagar
AGX	10.82	72.18	Agatti
BLR	13.20	77.71	Bengaluru
VGA	16.53	80.80	Vijayawada
CJB	11.03	77.04	Coimbatore
COK	10.15	76.40	Kochi
CCJ	11.14	75.96	Calicut
CDP	14.51	78.77	Kadapa
GOX	15.74	73.86	Mopa
GBI	17.31	76.97	Kalaburagi
GOI	15.38	73.83	Vasco da Gama
HYD	17.23	78.43	Hyderabad
CNN	11.92	75.54	Kannur
KJB	15.72	78.17	Orvakal
IXM	9.83	78.09	Madurai
IXE	12.95	74.89	Mangaluru
MAA	12.99	80.17	Chennai
MYQ	12.23	76.65	Mysore
IXZ	11.64	92.73	Port Blair
PNY	11.97	79.81	Puducherry (Pondicherry)
RJA	17.11	81.81	Madhurapudi
TCR	8.72	78.03	Vagaikulam
TIR	13.63	79.54	Tirupati
TRZ	10.76	78.72	Tiruchirappalli
TRV	8.48	76.92	Thiruvananthapuram
VTZ	17.97	83.50	Visakhapatnam
BUT	27.56	90.75	Jakar
PBH	27.40	89.42	Paro
YON	27.26	91.51	Yongphulla
HRF	6.97	72.90	
HDK	6.63	73.07	Kulhudhuffushi
NMF	5.82	73.47	Noonu Atoll
DRV	5.16	73.13	Baa Atoll
GAN	-0.69	73.15	Gan
HAQ	6.74	73.17	Haa Dhaalu Atoll
KDO	1.86	73.52	Kadhdhoo
MLE	4.19	73.53	Malé
GKK	0.73	73.43	Huvadhu Atoll
KDM	0.49	73.00	Huvadhu Atoll
VAM	3.47	72.83	Maamigili
TMF	2.21	73.15	Thimarafushi
RUL	0.34	73.51	Maavaarulu
DMK	13.91	100.61	Bangkok
TDX	12.27	102.32	Laem Ngop
BKK	13.68	100.75	Bangkok
UTP	12.68	101.00	Rayong
CNX	18.77	98.96	Chiang Mai
HGN	19.30	97.98	Mae Hong Son
LPT	18.27	99.50	
NNT	18.81	100.78	
CEI	19.95	99.88	Chiang Rai
PHY	16.68	101.19	
HHQ	12.64	99.95	Hua Hin
MAQ	16.70	98.55	
THS	17.24	99.82	
PHS	16.78	100.28	Phitsanulok
URT	9.13	99.14	Surat Thani
NAW	6.52	101.74	
CJM	10.71	99.36	Chumphon
NST	8.54	99.94	Nakhon Si Thammarat
KBV	8.10	98.99	Krabi
USM	9.55	100.06	Na Thon (Ko Samui Island)
HKT	8.11	98.32	Phuket
UNN	9.78	98.59	Ranong
HDY	6.93	100.39	Hat Yai
TST	7.51	99.62	Trang
UTH	17.39	102.79	Udon Thani
SNO	17.20	104.12	
PXR	14.87	103.50	Surin
KKC	16.47	102.78	Khon Kaen
LOE	17.44	101.72	
BFV	15.23	103.25	Buriram
UBP	15.25	104.87	Ubon Ratchathani
ROI	16.12	103.77	Roi Et
KOP	17.38	104.64	Nakhon Phanom
BMV	12.67	108.12	Buon Ma Thuot
VCL	15.40	108.71	Tam Nghĩa
HPH	20.82	106.72	Haiphong (Hai An)
CAH	9.18	105.18	Ca Mau City
CXR	12.00	109.22	Nha Trang/nha Trang aiurportCam Ranh
VCS	8.73	106.63	Con Dao
VCA	10.08	105.71	Can Tho
DIN	21.40	103.01	Dien Bien Phu
VDH	17.52	106.59	Dong Hoi
DLI	11.75	108.37	Da Lat
DAD	16.04	108.20	Da Nang
HAN	21.22	105.81	Hanoi (Soc Son)
HUI	16.40	107.70	Huế
UIH	13.96	109.04	Quy Nohn
PXU	14.00	108.02	Pleiku
PQC	10.17	103.99	Phu Quoc Island
VKG	9.96	105.13	Rach Gia
TBB	13.05	109.33	Tuy Hoa
SGN	10.82	106.65	Ho Chi Minh City
THD	19.90	105.47	Thanh Hóa
VDO	21.12	107.42	Van Don
VII	18.74	105.67	Vinh
NYU	21.18	94.93	Nyaung U
BMO	24.27	97.25	Banmaw
TVY	14.10	98.20	Dawei
HEH	20.75	96.79	Heho
KET	21.30	99.64	Kengtung
KHM	25.99	95.67	Kanti
KYP	19.43	93.53	Kyaukpyu
KAW	10.05	98.54	Kawthoung
LIW	19.69	97.21	Loikaw
LSH	22.98	97.75	Lashio
MDL	21.70	95.98	Mandalay
MGZ	12.44	98.62	Mkeik
MYT	25.38	97.35	Myitkyina
MNU	16.44	97.66	Mawlamyine
MOG	20.52	99.26	Mong Hsat
MWQ	20.17	94.94	Magway
NYT	19.62	96.20	Naypyitaw
BSX	16.82	94.78	Pathein
PBU	27.33	97.43	Putao
AKY	20.13	92.87	Sittwe
SNW	18.46	94.30	Thandwe
THL	20.48	99.94	Tachileik
RGN	16.91	96.13	Yangon
RCE	48.61	-123.14	Roche Harbor
UPG	-5.08	119.55	Makassar
BIK	-1.19	136.11	Biak
TIM	-4.53	136.89	Timika
BMU	-8.54	118.69	Bima
DPS	-8.75	115.17	Kuta, Badung
LOP	-8.76	116.28	Mataram (Pujut, Lombok Tengah)
SWQ	-8.49	117.41	Sumbawa Besar
TMC	-9.41	119.24	Radamata
WGP	-9.67	120.30	Waingapu-Sumba Island
BWX	-8.31	114.34	Rogojampi, Banyuwangi
TTE	0.83	127.38	Ternate
TRT	-3.18	119.92	Toraja
LLO	-3.08	120.24	Palopo
PLW	-0.92	119.91	Palu
TLI	1.12	120.79	Toli Toli-Celebes Island
OJU	-0.87	121.63	Tojo Una-Una
HMS	-1.03	114.93	Muara Teweh
KLP	-3.38	112.54	Seruyan
PKY	-2.23	113.94	Palangkaraya
YIA	-7.91	110.06	Yogyakarta
CXP	-7.65	109.03	Cilacap
KWB	-5.80	110.48	Karimunjawa
BUI	-3.68	138.68	Bokondini
DJJ	-2.58	140.52	Sentani
OKL	-4.91	140.63	Oksibil
MKQ	-8.52	140.42	Merauke
TMH	-6.10	140.30	Tanah Merah
TJS	2.84	117.37	Tanjung Selor-Borneo Island
DTD	0.81	114.53	Datadawai-Borneo Island
BPN	-1.27	116.89	Balikpapan
TRK	3.33	117.56	Tarakan
AAP	-0.37	117.25	Samarinda
GTO	0.64	122.85	Gorontalo
NAH	3.68	125.53	Tabukan Utara, Sangihe Islands
LKM	0.89	124.03	Lolak
MDC	1.55	124.93	Manado
UOL	1.10	121.41	Buol
BTW	-3.41	116.00	Batu Licin
PKN	-2.71	111.67	Pangkalanbun
KBU	-3.29	116.16	Stagen
TJG	-2.22	115.44	Tanta-Tabalong
BDJ	-3.44	114.76	Banjarbaru
SMQ	-2.50	112.97	Sampit
TBM	-1.47	113.08	Tumbang Samba-Borneo Island
LUV	-5.76	132.76	Langgur
NAM	-3.14	126.98	Namniwel
AMQ	-3.71	128.09	Ambon
LNU	3.58	116.62	Malinau
BEJ	2.15	117.43	Tanjung Redeb - Borneo Island
MLG	-7.93	112.71	Malang
JBB	-8.24	113.69	Jember
JOG	-7.79	110.43	Yogyakarta
SOC	-7.52	110.76	Surakarta
SUB	-7.38	112.79	Surabaya
SRG	-6.97	110.37	Semarang
FKQ	-2.92	132.27	Fakfak
KNG	-3.64	133.70	Kaimana
RJM	-0.42	130.77	Waisai
MKW	-0.89	134.05	Manokwari
SOQ	-0.89	131.29	Sorong
ABU	-9.07	124.90	Atambua
MOF	-8.64	122.24	Waioti
ENE	-8.85	121.66	Ende
RTG	-8.60	120.48	Satar Tacik, Manggarai
LKA	-8.27	123.00	Tiwatobi
ARD	-8.13	124.60	Kabola
LBJ	-8.48	119.89	Labuan Bajo, Manggarai Barat
RTI	-10.77	123.08	Ba'a - Rote Island
KOE	-10.17	123.67	Kupang
WMX	-4.10	138.95	Wamena
WNI	-5.29	123.64	Wangi-wangi Island
KSR	-6.18	120.44	Benteng
KXB	-4.34	121.52	Kolaka
KDI	-4.08	122.42	Kendari
WBB	63.52	-162.28	Stebbins
BTU	3.12	113.02	Bintulu
LGL	3.42	115.15	Long Datih
KCH	1.49	110.35	Kuching
ODN	3.98	115.07	Long Seridan
LMN	4.81	115.01	Limbang
MKM	2.88	112.04	Mukah
MUR	4.18	114.33	Marudi
BKM	3.97	115.62	Bakalalan
MYY	4.32	113.99	Miri
SBW	2.26	111.99	Sibu
LWY	4.85	115.41	Lawas
BBN	3.73	115.48	Bario
LDU	5.03	118.32	Lahad Datu
BKI	5.93	116.05	Kota Kinabalu
LBU	5.30	115.25	Labuan
TMG	5.40	118.66	Tomanggong
SDK	5.90	118.06	Sandakan
KUD	6.92	116.84	Kudat
TWU	4.31	118.12	Tawau
MZV	4.05	114.81	Mulu
BWN	4.94	114.93	Bandar Seri Begawan
PKU	0.46	101.44	Pekanbaru
DUM	1.61	101.43	Dumai
KJT	-6.65	108.17	Kertajati
BDO	-6.90	107.58	Bandung
CJN	-7.72	108.49	Cijulang
BTH	1.12	104.12	Batam
TNJ	0.92	104.53	Tanjung Pinang-Bintan Island
MPC	-2.54	101.09	Muko Muko
HLP	-6.27	106.89	Jakarta
CGK	-6.13	106.66	Jakarta
TKG	-5.25	105.18	Bandar Lampung
LSW	5.23	96.95	Lhok Seumawe-Sumatra Island
GNS	1.17	97.71	Gunungsitoli
KNO	3.64	98.87	Beringin
DTB	2.26	98.99	Siborong-Borong
FLZ	1.56	98.89	Sibolga (Pinangsori)
LSR	3.39	97.86	Kutacane
TJQ	-2.74	107.75	Tanjung Pandan
NPO	-0.35	111.75	Nanga Pinoh-Borneo Island
KTG	-1.82	109.96	Ketapang
NTX	3.91	108.39	Ranai-Natuna Besar Island
PNK	-0.15	109.40	Pontianak
PSU	0.83	112.94	Putussibau-Borneo Island
SQG	-0.05	111.46	Sintang
DJB	-1.64	103.65	Jambi
BUU	-1.54	102.18	Muara Bungo
PGK	-2.16	106.14	Pangkal Pinang
BKS	-3.86	102.34	Bengkulu
PLM	-2.90	104.70	Palembang
PDO	-3.29	103.88	Talang Gudang-Sumatra Island
PDG	-0.79	100.28	Padang (Katapiang)
MEQ	4.04	96.25	Kuala Pesisir
LKI	2.41	96.33	Lubang
TXE	4.72	96.85	Takengon
BTJ	5.53	95.42	Banda Aceh
TOD	2.82	104.16	Tioman Island
AOR	6.19	100.40	Alor Satar
KBR	6.17	102.29	Kota Baharu
KUA	3.78	103.21	Kuantan
IPH	4.57	101.09	Ipoh
JHB	1.64	103.67	Johor Bahru
KUL	2.75	101.71	Sepang
LGK	6.33	99.73	Langkawi
MKZ	2.27	102.25	Malacca
TGG	5.38	103.10	Kuala Terengganu
PEN	5.30	100.28	Penang
PKG	4.24	100.55	Pangkor Island
SZB	3.13	101.55	Subang
DTR	48.50	-122.81	Decatur
SXK	-7.85	131.34	Saumlaki-Yamdena Island
UAI	-9.30	125.29	Suai
DIL	-8.55	125.52	Dili
BCH	-8.49	126.40	Baucau
OEC	-9.20	124.34	Oecussi-Ambeno
LBW	3.90	115.69	Long Bawan
BXT	0.12	117.48	Bontang-Borneo Island
LPU	1.71	114.97	Long Apung-Borneo Island
XSP	1.42	103.87	Seletar
SIN	1.35	103.99	Singapore
ALH	-34.94	117.81	Albany
ARM	-30.53	151.62	Armidale
AUU	-13.35	141.72	Aurukun
AYQ	-25.19	130.98	Yulara
BCI	-23.57	145.30	Barcaldine
ASP	-23.81	133.90	Alice Springs
BDD	-10.15	142.17	Badu Island
BNE	-27.38	153.12	Brisbane
OOL	-28.17	153.51	Gold Coast
BKQ	-24.43	145.43	Blackall
CNS	-16.88	145.75	Cairns
CTL	-26.41	146.26	Charleville
BXG	-36.74	144.33	
BVI	-25.90	139.35	
BHQ	-32.00	141.47	Broken Hill
HTI	-20.36	148.95	Hamilton Island
BEU	-24.35	139.46	Bedourie
BRK	-30.04	145.95	
BUC	-17.75	139.53	
BQB	-33.69	115.40	Busselton
ISA	-20.67	139.49	Mount Isa
MKY	-21.17	149.18	Mackay
BNK	-28.83	153.56	Ballina
GIC	-9.23	142.22	Boigu Island
OKY	-27.41	151.74	
BQL	-22.91	139.90	
PPP	-20.49	148.55	Proserpine
ROK	-23.38	150.48	Rockhampton
BME	-17.95	122.23	Broome
MCY	-26.59	153.08	Maroochydore
BHS	-33.41	149.65	Bathurst
TSV	-19.25	146.77	Townsville
BDB	-24.91	152.32	Bundaberg
WEI	-12.68	141.92	Weipa
WTB	-27.56	151.79	Toowoomba
CVQ	-24.88	113.67	Carnarvon
CAZ	-31.54	145.79	
CPD	-29.04	134.72	Coober Pedy
CNC	-10.05	143.07	
CNJ	-20.67	140.50	Cloncurry
CED	-32.13	133.71	
CFS	-30.32	153.12	Coffs Harbour
CKW	-22.35	119.64	Christmas Creek Mine
CTN	-15.44	145.18	
CMA	-28.03	145.62	
CNB	-30.98	148.38	
CUQ	-13.76	143.11	Coen
OOM	-36.30	148.97	Cooma
DMD	-17.94	138.82	
NLF	-9.58	143.78	Darnley Island
DPO	-41.17	146.43	Devonport
ELC	-12.02	135.57	Elcho Island
EMD	-23.57	148.18	Emerald
EPR	-33.68	121.82	Esperance
FLS	-40.09	147.99	Whitemark
FIZ	-18.18	125.56	
GET	-28.80	114.71	Moonyoonooka
GLT	-23.87	151.23	Gladstone
GTE	-13.97	136.46	Groote Eylandt
GFF	-34.25	146.07	Griffith
HVB	-25.32	152.88	Hervey Bay
HID	-10.59	142.29	Horn
HOK	-18.34	130.64	Lajamanu
MHU	-37.05	147.33	Mount Hotham
HGD	-20.82	144.23	Hughenden
JCK	-20.67	141.72	
KQR	-29.22	116.69	Karara
KAX	-27.69	114.26	Kalbarri
KNS	-39.88	143.88	
KFG	-17.43	130.81	
KRB	-17.46	140.83	
KWM	-15.49	141.75	Kowanyama
KGC	-35.71	137.52	
KUG	-10.23	142.22	Kubin Island
LNO	-28.88	121.32	Leonora
LEL	-12.50	135.81	
LDH	-31.54	159.08	Lord Howe Island
IRG	-12.79	143.30	Lockhart River
LSY	-28.83	153.26	Lismore
LHG	-29.45	147.98	
LRE	-23.43	144.28	Longreach
LER	-27.84	120.70	
LVO	-28.61	122.43	Laverton
UBB	-9.95	142.20	Mabuiag Island
MYI	-9.92	144.05	Murray Island
AVV	-38.04	144.47	Geelong/Melbourne
ABX	-36.07	146.96	East Albury
MKR	-26.61	118.55	
MEB	-37.73	144.90	Essendon Fields
MIM	-36.91	149.90	Merimbula
MGT	-12.09	134.89	Milingimbi Island
MNG	-12.06	134.23	Maningrida
HBA	-42.84	147.51	Hobart (Cambridge)
MCV	-16.44	136.08	McArthur River Mine
MQL	-34.23	142.09	Mildura
LST	-41.54	147.21	Launceston (Western Junction)
MBW	-37.98	145.10	Melbourne
MEL	-37.67	144.84	Melbourne
MMG	-28.12	117.84	
MRZ	-29.50	149.85	Moree
MOV	-22.06	148.08	Moranbah
MYA	-35.90	150.14	Moruya
MGB	-37.74	140.78	Mount Gambier
ONG	-16.66	139.18	
NRA	-34.70	146.51	Narrandera
NAA	-30.32	149.83	Narrabri
ABM	-10.95	142.46	Bamaga
NTN	-17.68	141.07	Normanton
ZNE	-23.42	119.80	Newman
OLP	-30.48	136.88	Olympic Dam
ADL	-34.95	138.53	Adelaide
PUG	-32.51	137.72	
PMK	-18.76	146.58	
PBO	-23.17	117.75	Paraburdoo
CCK	-12.19	96.83	West Island
DRW	-12.41	130.88	Darwin
GOV	-12.27	136.82	Nhulunbuy
KTA	-20.71	116.77	Karratha
KGI	-30.79	121.46	Broadwood
PKE	-33.13	148.24	Parkes
KNX	-15.78	128.71	Kununurra
PLO	-34.61	135.88	Port Lincoln
LEA	-22.24	114.09	Exmouth
PXH	-29.72	135.52	Mount Eba
EDR	-14.90	141.61	Pormpuraaw
PQQ	-31.44	152.86	Port Macquarie
PTJ	-38.32	141.47	
PHE	-20.38	118.63	Port Hedland
PER	-31.94	115.97	Perth
XCH	-10.45	105.69	Flying Fish Cove
ULP	-26.61	144.25	
RCM	-20.70	143.12	
RAM	-12.36	134.90	
RMA	-26.55	148.77	Roma
CBR	-35.31	149.20	Canberra
DBO	-32.22	148.57	Dubbo
SGO	-28.05	148.60	
MJK	-25.90	113.58	Denham
SBR	-9.38	142.62	Saibai Island
SNB	-11.42	130.65	Milikapiti
NLK	-29.04	167.94	Burnt Pine
SYD	-33.95	151.18	Sydney (Mascot)
TMW	-31.08	150.85	Tamworth
WGA	-35.16	147.47	Forest Hill
XTG	-27.99	143.81	Thargomindah
THG	-24.49	150.58	Biloela
TCA	-19.63	134.18	Tennant Creek
SYU	-10.21	142.82	Sue Islet
WNR	-25.41	142.67	Windorah
WYA	-33.06	137.51	Whyalla
WGE	-30.03	148.13	
NTL	-32.80	151.84	Williamtown
WUN	-26.63	120.22	
WIN	-22.36	143.09	
BWT	-41.00	145.73	Burnie
OKR	-9.75	143.41	Yorke Island
XMY	-9.90	142.77	Yam Island
KKI	60.91	-161.49	Akiachak
KBC	66.27	-145.82	Birch Creek
PEK	40.08	116.60	Beijing
PKX	39.50	116.41	Beijing
CDE	41.12	118.07	Chengde
CIF	42.16	118.84	Chifeng
CIH	36.25	113.13	Changzhi
BPE	39.67	119.06	Qinhuangdao (Changli)
DSN	39.49	109.86	Ordos
DAT	40.06	113.48	Datong
ERL	43.42	112.09	Erenhot
YIE	47.31	119.91	Arxan
HDG	36.52	114.42	Handan
HET	40.85	111.82	Hohhot
HUO	45.49	119.41	Holingol
HLD	49.21	119.82	Hailar
LFQ	36.13	111.64	Linfen (Yaodu)
LLV	37.68	111.14	Lüliang
NZH	49.57	117.33	Manzhouli
BAV	40.56	110.00	Baotou
SZH	39.27	112.69	Shuozhou
SJW	38.28	114.70	Shijiazhuang
TVS	39.72	118.00	Tangshan (Fengrun)
TSN	39.12	117.35	Tianjin
TGO	43.56	122.20	Tongliao
UCB	41.13	113.11	Ulanqab
WUA	39.79	106.80	Wuhai
HLH	46.20	122.01	Ulanhot
XIL	43.92	115.96	Xilinhot
WUT	38.60	112.97	Xinzhou
YCU	35.12	111.03	Yuncheng (Yanhu)
TYN	37.75	112.63	Taiyuan
RLK	40.93	107.74	Bayannur
ZQZ	40.74	114.93	Zhangjiakou
NZL	47.87	122.77	Zhalantun
BHY	21.54	109.29	Beihai
AEB	23.72	106.96	Baise (Tianyang)
CGD	28.92	111.64	Changde (Dingcheng)
HJJ	27.44	109.70	Huaihua
HCZ	25.75	112.85	Chenzhou
DYG	29.10	110.44	Zhangjiajie (Yongding)
FUO	23.08	113.07	Foshan (Nanhai)
CAN	23.39	113.30	Guangzhou (Huadu)
CSX	28.19	113.22	Changsha (Changsha)
HCJ	24.80	107.71	Hechi (Jinchengjiang)
HNY	26.72	112.62	Hengyang
HUZ	23.05	114.60	Huizhou (Pingtan)
KWL	25.22	110.04	Guilin (Lingui)
LLF	26.34	111.61	Yongzhou
MXZ	24.26	116.10	Meizhou (Meixian)
NNG	22.60	108.18	Nanning (Jiangnan)
SWA	23.55	116.50	Jieyang (Rongcheng)
ZUH	22.01	113.38	Zhuhai (Jinwan)
WGN	26.81	110.64	Shaoyang (Wugang)
SZX	22.64	113.80	Shenzhen
WUZ	23.40	111.09	Tangbu
DXJ	28.50	109.52	Xiangxi
YLX	22.43	110.12	Yulin
YYA	29.31	113.28	Yueyang (Yueyanglou)
LZH	24.21	109.39	Liuzhou (Liujiang)
ZHA	21.48	110.59	Zhanjiang
CGO	34.53	113.85	Zhengzhou
EHU	30.34	115.04	Ezhou
ENH	30.32	109.49	Enshi (Enshi)
WUH	30.77	114.21	Wuhan (Huangpi)
SHS	30.29	112.45	Jingzhou (Shashi)
LYA	34.74	112.39	Luoyang (Laocheng)
NNY	32.98	112.62	Nanyang (Wancheng)
HQQ	35.87	114.46	Anyang
HPG	31.63	110.34	Shennongjia (Hongping)
WDS	32.59	110.91	Shiyan (Maojian)
XFN	32.15	112.29	Xiangyang (Xiangzhou)
XAI	32.54	114.08	Xinyang
YIH	30.55	111.48	Yichang (Xiaoting)
HAK	19.93	110.46	Haikou (Meilan)
BAR	19.14	110.45	Qionghai (Basuo)
SYX	18.30	109.41	Sanya (Tianya)
RGO	41.43	129.65	Hoemun-ri
FNJ	39.22	125.67	Pyongyang
DSO	39.75	127.47	Sŏndŏng-ni
WOS	39.17	127.49	Wonsan
AKA	32.76	108.87	Ankang (Hanbin)
DNH	40.16	94.81	Dunhuang
HXD	37.13	97.27	Delingha
GMQ	34.42	100.30	Golog (Maqên)
GOQ	36.40	94.79	Golmud
GYU	36.08	106.22	Guyuan (Yuanzhou)
HBQ	38.01	100.65	Haibei (Qilian)
HTT	38.20	90.84	Mengnai
HZG	33.13	107.20	Hanzhong (Chenggu)
INC	38.32	106.39	Yinchuan
JIC	38.54	102.35	Jinchang
JGN	39.86	98.34	Jiayuguan
LHW	36.52	103.62	Lanzhou (Yongdeng)
LNL	33.79	105.79	Longnan (Cheng)
IQN	35.80	107.60	Qingyang (Xifeng)
THQ	34.56	105.86	Tianshui (Maiji)
GXH	34.82	102.62	Gannan (Xiahe)
XNN	36.53	102.04	Haidong (Huzhu Tu Autonomous County)
XIY	34.44	108.76	Xi'an
ENY	36.48	109.46	Yan'an (Baota)
UYN	38.36	109.59	Yulin
YUS	32.84	97.04	Yushu (Batang)
ZHY	37.57	105.15	Zhongwei (Shapotou)
YZY	38.80	100.68	Zhangye (Ganzhou)
AVK	46.25	102.80	Arvaikheer
LTI	46.38	96.22	Altai
BYN	46.16	100.70	Bayankhongor
UGA	48.85	103.48	Bulgan
COQ	48.14	114.65	
UBN	47.65	106.82	Ulaanbaatar (Sergelen)
ULZ	47.71	96.53	Uliastai
DLZ	43.61	104.37	Dalanzadgad
HVD	47.95	91.63	Khovd
MXW	45.74	106.27	Mandalgobi
MXV	49.66	100.10	Mörön
ULO	50.07	91.94	Ulaangom
ULG	48.99	89.92	Ölgii
BSD	25.05	99.17	Baoshan (Longyang)
CWJ	23.28	99.37	Lincang (Cangyuan)
DLU	25.65	100.32	Dali (Xiaguan)
DIG	27.79	99.68	Diqing (Shangri-La)
JHG	21.97	100.76	Jinghong (Gasa)
JMJ	22.42	99.78	Pu'er (Lancang)
LNJ	23.74	100.03	Lincang
LJG	26.68	100.24	Lijiang
LUM	24.40	98.53	Dehong (Mangshi)
KMG	25.11	102.94	Kunming
SYM	22.79	100.96	Pu'er
WNH	23.56	104.33	Wenshan
XMN	24.54	118.13	Xiamen
AQG	30.58	117.05	Anqing
CZX	31.92	119.78	Changzhou
KHN	28.86	115.90	Nanchang
DOY	37.50	118.79	Dongying (Kenli)
FUG	32.88	115.73	Yingzhou, Fuyang
FOC	25.93	119.67	Fuzhou (Changle)
KOW	25.85	114.78	Ganzhou
HGH	30.24	120.43	Hangzhou
HZA	35.21	115.74	Heze (Dingtao)
JDZ	29.34	117.18	Jingdezhen
JNG	35.65	116.74	Jining
JIU	29.48	115.80	Jiujiang
TNA	36.86	117.22	Jinan (Licheng)
JUZ	28.97	118.90	Quzhou (Kezheng)
LYG	34.41	119.18	Lianyungang
LCX	25.68	116.75	Longyan (Liancheng)
HYN	28.56	121.43	Taizhou (Luqiao)
LYI	35.05	118.41	Linyi (Hedong)
NGB	29.83	121.46	Ningbo
NKG	31.74	118.87	Nanjing
NTG	32.07	120.98	Nantong (Tongzhou)
HFE	31.99	116.98	Hefei
PVG	31.14	121.81	Shanghai (Pudong)
TAO	36.36	120.09	Qingdao (Jiaozhou)
JJN	24.80	118.59	Quanzhou
RIZ	35.41	119.32	Rizhao (Donggang)
HIA	33.79	119.13	Huai'an
SQJ	26.43	117.83	Sanming (Sha)
SQD	28.38	117.96	Shangrao (Hengfeng)
SHA	31.20	121.33	Shanghai (Minhang)
TXN	29.73	118.26	Huangshan
WHA	31.10	118.67	Wuhu
WEF	36.65	119.12	Weifang (Kuiwen)
WEH	37.19	122.23	Weihai
WUX	31.50	120.43	Wuxi
WUS	27.70	118.00	Wuyishan
WNZ	27.91	120.85	Wenzhou (Longwan)
XUZ	34.06	117.56	Xuzhou
YTY	32.56	119.72	Yangzhou
YIC	27.80	114.31	Yichun
YNZ	33.43	120.21	Yancheng (Tinghu)
YNT	37.66	120.98	Yantai
YIW	29.34	120.03	Yiwu/Jinhua
HSN	29.93	122.36	Zhoushan
NGQ	32.10	80.05	Shiquanhe
AVA	26.26	105.87	Anshun (Xixiu)
BPX	30.55	97.11	Bangda
BFJ	27.27	105.47	Bijie
CKG	29.71	106.65	Chongqing
DZH	31.05	107.44	Dazhou (Dachuan)
DCY	29.32	100.06	Garzê (Daocheng)
DAX	31.13	107.43	Dazhou (Daxian)
GYS	32.39	105.69	Guangyuan (Lizhou)
KWE	26.54	106.80	Guiyang (Nanming)
GZG	31.76	99.55	Garzê (Garzê)
JZH	32.85	103.68	Ngawa (Songpan)
KGT	30.14	101.74	Garzê (Kangding)
KJH	26.97	107.99	Kaili  (Huangping)
LLB	25.45	107.96	Qiannan (Libo)
LXA	29.30	90.91	Shannan (Gonggar)
LZO	29.03	105.47	Luzhou (Yunlong)
WMT	27.96	106.44	Zunyi
MIG	31.43	104.74	Mianyang (Fucheng)
NAO	30.80	106.16	Nanchong (Gaoping)
HZH	26.32	109.15	Liping
LZY	29.30	94.34	Nyingchi (Mainling)
LPF	26.61	104.98	Liupanshui (Zhongshan)
JIQ	29.51	108.83	Qianjiang
RKZ	29.35	89.30	Xigazê (Samzhubzê)
LGZ	28.42	92.35	Shannan
TCZ	24.94	98.49	Baoshan (Tengchong)
TFU	30.31	104.44	Chengdu (Jianyang)
TEN	27.88	109.31	Tongren (Daxing)
CTU	30.56	103.95	Chengdu (Shuangliu)
CQW	29.47	107.69	Wulong
WSK	31.07	109.71	Wushan
WXN	30.80	108.43	Wanzhou
XIC	27.99	102.18	Liangshan (Xichang)
YBP	28.86	104.53	Yibin (Cuiping)
ACX	25.08	104.96	Xingyi
PZI	26.54	101.80	Panzhihua (Renhe)
ZYI	27.81	107.25	Zunyi
AKU	41.26	80.29	Aksu (Onsu)
ACF	40.43	81.26	Aral
AAT	47.75	88.09	Altay
BPL	44.90	82.30	Bole
IQM	38.23	85.47	Qiemo
FYN	46.80	89.51	Fuyun
HMI	42.84	93.67	Hami
SHF	44.24	85.89	Shihezi
KCA	41.68	82.87	Kuqa
KRL	41.61	86.14	Korla
KRY	45.47	84.95	Karamay
KJI	48.22	87.00	Burqin
NLT	43.43	83.38	Xinyuan
RQA	38.97	88.01	Ruoqiang Town
QSZ	38.25	77.06	Shache
KHG	39.54	76.02	Kashgar
TCG	46.67	83.34	Tacheng
TLQ	43.03	89.10	Turpan
HTN	37.04	79.86	Hotan
URC	43.91	87.48	Ürümqi
YIN	43.96	81.33	Ili (Yining / Ghulja)
YTW	36.81	81.78	Hotan (Yutian)
AOG	41.11	122.85	Anshan
DBC	45.51	123.02	Baicheng
NBS	42.07	127.60	Baishan
CGQ	44.00	125.68	Changchun
CNI	39.27	122.67	Dalian (Changhai)
CHG	41.54	120.43	Shuangta, Chaoyang
DDG	40.03	124.29	Dandong (Zhenxing)
DQA	46.75	125.14	Daqing
DTU	48.44	126.13	Heihe
FYJ	48.20	134.36	Fuyuan
HRB	45.62	126.25	Harbin
HEK	50.17	127.31	Heihe
JGD	50.37	124.12	Jiagedaqi
JMU	46.84	130.46	Jiamusi
JSJ	47.11	132.66	Jiansanjiang
JXA	45.29	131.19	Jixi
JNZ	40.94	121.28	Jinzhou (Linghai)
LDS	47.75	129.02	Yichun
MDG	44.53	129.57	Mudanjiang
OHE	52.92	122.42	Mohe
NDG	47.23	123.91	Qiqihar
YSQ	44.93	124.55	Qian Gorlos Mongol Autonomous County
DLC	38.97	121.54	Dalian (Ganjingzi)
TNH	42.05	125.73	Tonghua
SHE	41.64	123.48	Shenyang
YNJ	42.88	129.45	Yanji
YKH	40.54	122.36	Yingkou (Laobian)
